split,gaia_id,tic,sector,frot,frot_err
train,1367871286194124032,329343346,25,0.6350322831645175,0.047095335874425825
train,1367871286194124032,329343346,41,0.9926487537244975,0.053967440892063026
train,1367941414419715072,329290438,21,1.0497077693868682,0.05517659077110215
train,1367941414419715072,329290438,24,0.5565647046235467,0.04578408098405091
train,1367941414419715072,329290438,25,2.3203387274170444,0.08655590455887625
train,1367941414419715072,329290438,26,1.0452245227344028,0.0550806327482753
train,1367941414419715072,329290438,40,2.4500965309778913,0.09004777657003303
train,1367941414419715072,329290438,41,2.4459549751690695,0.08993583251467516
train,1416513719262086528,321668215,14,2.328482066637683,0.08677407687061901
train,1416513719262086528,321668215,17,2.3244136715227297,0.08666506156338108
train,1416513719262086528,321668215,24,2.3273640122158605,0.08674411451999126
train,1416513719262086528,321668215,25,2.3249582467588352,0.08667965186180555
train,1416513719262086528,321668215,26,2.3236251505914787,0.08664393652492769
train,1416513719262086528,321668215,40,2.3255599916521046,0.08669577455571671
train,1417681606768928512,165499444,14,0.5886471213333339,0.04631032286710768
train,1417681606768928512,165499444,17,0.6831706466674877,0.04793887612843536
train,1417681606768928512,165499444,18,0.6872700907578311,0.048012021241654476
train,1417681606768928512,165499444,20,0.5236343236381489,0.04525871995530704
train,1417681606768928512,165499444,24,0.6767260862101679,0.0478242969707208
train,1417681606768928512,165499444,25,0.6872307685265042,0.048011318669704615
train,1417681606768928512,165499444,40,0.6828637348310247,0.04793340811956764
train,1417681606768928512,165499444,41,0.6843716764483762,0.047960284831049034
train,1417916073327522432,329171987,14,3.064326237053142,0.10694113778010023
train,1417916073327522432,329171987,16,3.0587104134857386,0.10678447811894855
train,1417916073327522432,329171987,17,3.0597826000028645,0.10681438531056339
train,1417916073327522432,329171987,18,3.062755384275272,0.10689731364028449
train,1417916073327522432,329171987,20,3.0630322334911213,0.10690503707161361
train,1417916073327522432,329171987,21,3.063528466677549,0.1069188809993864
train,1417916073327522432,329171987,23,3.061155961122707,0.10685269518646219
train,1417916073327522432,329171987,24,3.0609808682183903,0.10684781086001964
train,1417916073327522432,329171987,25,3.0622618524968956,0.10688354548973092
train,1417916073327522432,329171987,26,3.06089859112096,0.10684551570026024
train,1417916073327522432,329171987,40,3.060918604813888,0.10684607399130806
train,1417916073327522432,329171987,41,3.0625091297213123,0.10689044379677912
train,1418225143470344576,232624089,14,0.538759380966184,0.04549812708818014
train,1418225143470344576,232624089,15,0.9177890971539924,0.05242302370079676
train,1418225143470344576,232624089,16,0.8384681952639577,0.05084296133104251
train,1418225143470344576,232624089,17,0.918461565169612,0.05243667434626223
train,1418225143470344576,232624089,18,0.9089963032764146,0.05224492001510902
train,1418225143470344576,232624089,19,0.8419944107286406,0.050911897359975214
train,1418225143470344576,232624089,20,0.9182274825626708,0.05243192215593246
train,1418225143470344576,232624089,21,0.5299935412853021,0.04535898134894431
train,1418225143470344576,232624089,22,0.837921275094061,0.050832280492560104
train,1418225143470344576,232624089,23,0.9211537224445054,0.052491364921929407
train,1418225143470344576,232624089,24,0.9233731326248116,0.05253650170681382
train,1418225143470344576,232624089,25,0.8373014139422157,0.05082017883456605
train,1418225143470344576,232624089,26,0.919817445309919,0.05246421043389923
train,1418225143470344576,232624089,40,0.8429821425356065,0.05093122951534412
train,1418225143470344576,232624089,41,0.5396701911963193,0.04551264714805013
train,1418298742029999488,232625701,14,1.2808395189275372,0.06032086497053869
train,1418298742029999488,232625701,15,1.2779161665627685,0.06025359195523511
train,1418298742029999488,232625701,16,1.2812164832489532,0.060329543541022136
train,1418298742029999488,232625701,17,1.2838563415959974,0.06039034306261391
train,1418298742029999488,232625701,18,1.2846277789070788,0.06040811823594906
train,1418298742029999488,232625701,19,1.284581594597252,0.06040705397341776
train,1418298742029999488,232625701,20,1.2809986125416668,0.06032452756038546
train,1418298742029999488,232625701,21,1.2830672190957753,0.060372164099507804
train,1418298742029999488,232625701,22,1.2845468500777044,0.06040625333571201
train,1418298742029999488,232625701,23,1.2837187861266426,0.06038717393651569
train,1418298742029999488,232625701,24,1.2838572773846755,0.06039036462254158
train,1418298742029999488,232625701,25,1.2809885395191019,0.06032429565873798
train,1418298742029999488,232625701,26,1.2805715726639706,0.060314696763866284
train,1418298742029999488,232625701,40,1.2818251858740901,0.06034355906168324
train,1418298742029999488,232625701,41,1.2828642567236737,0.0603674890750381
train,1418514486827177344,232620739,14,0.9129174337198074,0.05232425668545092
train,1418514486827177344,232620739,15,0.8856348945282089,0.051775230623567925
train,1418514486827177344,232620739,16,1.449882497719428,0.06429343141182614
train,1418514486827177344,232620739,17,1.4858076109377858,0.06515701153114851
train,1418514486827177344,232620739,18,1.5031424901455261,0.06557594081258929
train,1418514486827177344,232620739,19,0.9003758220537985,0.052071004243694964
train,1418514486827177344,232620739,20,0.9182274825626708,0.05243192215593246
train,1418514486827177344,232620739,21,1.4951104398815631,0.06538165425328205
train,1418514486827177344,232620739,22,1.4945311354346944,0.06536765330590903
train,1418514486827177344,232620739,23,1.4985136026211165,0.06546393586058058
train,1418514486827177344,232620739,24,1.4925586243509126,0.06531999252681497
train,1418514486827177344,232620739,25,0.9090743313149474,0.052246497373616294
train,1418514486827177344,232620739,26,1.4449882923956463,0.06417627534772385
train,1418514486827177344,232620739,40,1.5911191299235832,0.06772328242002583
train,1418514486827177344,232620739,41,1.4959582676446959,0.06540214788826301
train,1421415410818726656,165498393,14,-0.2719164,0.03850000009024541
train,1421415410818726656,165498393,16,-0.2719164,0.03850000009024541
train,1421415410818726656,165498393,18,1.5427863256526435,0.06653927313575475
train,1421415410818726656,165498393,19,1.5485904189072313,0.0666809116091617
train,1421415410818726656,165498393,21,1.4193579102306413,0.06356471974239791
train,1421415410818726656,165498393,26,1.4180564540835576,0.0635337558854125
train,1421429189073869056,165500899,14,0.6884226020676334,0.048032621431608795
train,1421429189073869056,165500899,15,0.6893598626989208,0.04804938590810896
train,1421429189073869056,165500899,16,0.6917292579294279,0.04809181329429395
train,1421429189073869056,165500899,17,0.6854822102129214,0.04798009583893864
train,1421429189073869056,165500899,18,0.6704945996356382,0.047713984678304365
train,1421429189073869056,165500899,19,0.6800280053064529,0.04788293981777964
train,1421429189073869056,165500899,20,0.6827444683657787,0.047931283547818
train,1421429189073869056,165500899,21,0.6862580191040513,0.04799394441295045
train,1421429189073869056,165500899,23,0.6880109926079799,0.04802526242675611
train,1421429189073869056,165500899,24,0.68937465269297,0.04804965053608249
train,1421429189073869056,165500899,25,0.5632593657917859,0.04589273454079158
train,1421429189073869056,165500899,26,0.6370331430329891,0.047129822345101095
train,1421429189073869056,165500899,40,0.6828637348310247,0.04793340811956764
train,1421429189073869056,165500899,41,0.6906630453723788,0.048072712954496326
train,1422126554322998784,329172921,16,1.6853981275136833,0.07006106808436104
train,1422126554322998784,329172921,17,1.0432809643011838,0.05503908291662701
train,1422126554322998784,329172921,19,1.1619573665660312,0.05762875202352282
train,1422126554322998784,329172921,20,1.3764646993782446,0.06254889816043836
train,1422126554322998784,329172921,21,1.1504081542224547,0.057372225616408104
train,1422126554322998784,329172921,22,1.1509478522043044,0.057384192412337685
train,1422126554322998784,329172921,23,1.147429031076442,0.05730620594379914
train,1422126554322998784,329172921,25,1.145119577765093,0.05725506967468927
train,1422126554322998784,329172921,41,1.1499326310533875,0.057361683471474405
train,1422339825218877440,329246973,15,0.8470498513772684,0.05101094685725567
train,1422339825218877440,329246973,16,0.606552425367055,0.04661002356584582
train,1422339825218877440,329246973,17,0.6181651204323255,0.04680664668689184
train,1422339825218877440,329246973,18,0.8539629063609633,0.0511468047771291
train,1422339825218877440,329246973,19,0.8487325146462672,0.0510439713806789
train,1422339825218877440,329246973,20,0.8482190188825136,0.05103389034324637
train,1422339825218877440,329246973,21,0.8488215847853582,0.05104572028852345
train,1422339825218877440,329246973,22,0.6166731537050048,0.04678128703972235
train,1422339825218877440,329246973,23,0.853094725092848,0.05112971688325842
train,1422339825218877440,329246973,24,0.6071589705547557,0.046620249929539705
train,1422339825218877440,329246973,25,0.621982661824021,0.04687166609046627
train,1422339825218877440,329246973,26,0.8524878495296975,0.051117776551827414
train,1422339825218877440,329246973,40,0.8489124539320727,0.051047504601673815
train,1422339825218877440,329246973,41,0.6214577699538985,0.04686271512319165
train,1422829657649346688,232632979,14,0.7944340503478267,0.049992839428065164
train,1422829657649346688,232632979,15,0.8213264892766416,0.05050964413635932
train,1422829657649346688,232632979,16,0.7666193595956694,0.049466386259730745
train,1422829657649346688,232632979,17,0.7931755850346915,0.04996884099763283
train,1422829657649346688,232632979,18,0.7854972728660399,0.04982278405715993
train,1422829657649346688,232632979,19,0.7958497320976512,0.05001985599294518
train,1422829657649346688,232632979,22,0.7617811152831928,0.04937566957496975
train,1422829657649346688,232632979,26,0.8120900920615648,0.0503312934788051
train,1422829657649346688,232632979,40,0.7955396513638786,0.050013936662433534
train,1422829657649346688,232632979,41,0.7787422103084134,0.04969481148297867
train,1426298719913889536,199687298,16,2.4454428531203156,0.08992199229649676
train,1426298719913889536,199687298,23,1.8185422043789818,0.07342020869163701
train,1426298719913889536,199687298,24,1.8150970696623696,0.07333250488000821
train,1426298719913889536,199687298,25,1.8225922573633662,0.07352336290973915
train,1426298719913889536,199687298,26,1.8153010691868643,0.0733376970463295
train,1430817987582365824,199632300,15,0.8341881703269549,0.05075945717552143
train,1430817987582365824,199632300,19,0.8275654185256618,0.050630612191425
train,1430817987582365824,199632300,22,0.8275651638294077,0.05063060724492646
train,1430817987582365824,199632300,23,0.8239907316073045,0.05056125293618298
train,1430817987582365824,199632300,24,0.8285323485163696,0.05064939587424487
train,1430817987582365824,199632300,25,0.8242750468443785,0.050566764683610835
train,1430817987582365824,199632300,26,0.8259049422480118,0.05059837789021008
train,1431390558262053120,207467389,15,0.75058690276732,0.04916676952534696
train,1431390558262053120,207467389,19,0.7006615028066202,0.04825235787124123
train,1431390558262053120,207467389,22,0.6953509241585911,0.048156793598563445
train,1431390558262053120,207467389,23,0.6992383994242809,0.04822671629704609
train,1431390558262053120,207467389,24,0.6957195685230145,0.04816341659361381
train,1431390558262053120,207467389,25,0.7003010141655499,0.04824586030091066
train,1432985498661437952,356108814,14,1.0563444016375496,0.055318930117068
train,1432985498661437952,356108814,15,1.05926758870744,0.055381734813991494
train,1432985498661437952,356108814,16,1.0563284639549873,0.05531858787901963
train,1432985498661437952,356108814,17,1.1404262241643393,0.0571512648845703
train,1432985498661437952,356108814,18,1.0606228821850314,0.05541087594334578
train,1432985498661437952,356108814,19,1.062177354650495,0.05544431738084431
train,1432985498661437952,356108814,20,1.058244409922985,0.055359744213035904
train,1432985498661437952,356108814,21,1.0613753405205124,0.055427061265235375
train,1432985498661437952,356108814,22,1.0574200385032977,0.05534203241519971
train,1432985498661437952,356108814,23,1.0634874690369087,0.0554725165266449
train,1432985498661437952,356108814,24,1.0625073639356364,0.05545141930516872
train,1432985498661437952,356108814,25,1.0591732140253167,0.05537970613034822
train,1432985498661437952,356108814,26,1.061209596448384,0.05542349574415065
train,1432985498661437952,356108814,40,1.0564733528083823,0.05532169922497403
train,1432985498661437952,356108814,41,1.0618534875368062,0.05543734846183977
train,1434076149772918912,462637342,14,1.0376365030229362,0.05491858484587193
train,1434076149772918912,462637342,17,0.6630431802860561,0.04758269899620231
train,1434076149772918912,462637342,19,1.0365157426247338,0.054894689116187105
train,1434076149772918912,462637342,20,0.9755071346646176,0.05360947074082211
train,1434076149772918912,462637342,41,0.6592059743181475,0.04751535784216008
train,1435223696315774848,233051318,16,0.5856819863857216,0.046261102899879766
train,1435223696315774848,233051318,18,0.5885232507823345,0.046308264317953485
train,1435223696315774848,233051318,21,0.5817241301977648,0.04619558767925292
train,1435223696315774848,233051318,40,0.589039042363794,0.04631683737583725
train,1435223696315774848,233051318,41,0.5837095655896493,0.04622842673447653
train,1435984524001387392,219785910,14,0.37038811910172587,0.04302651126384991
train,1435984524001387392,219785910,15,0.37116765251567163,0.04303692422965395
train,1435984524001387392,219785910,16,0.36929334875834097,0.0430119044547556
train,1435984524001387392,219785910,17,0.37193584232203725,0.0430471955536519
train,1435984524001387392,219785910,18,0.36492164911515745,0.04295377495470259
train,1435984524001387392,219785910,19,0.3712434917070242,0.043037937825015506
train,1435984524001387392,219785910,20,0.37088858469962427,0.043033195295023675
train,1435984524001387392,219785910,21,0.3683139976483236,0.042998854527507055
train,1435984524001387392,219785910,22,0.3698364035496525,0.0430191475876523
train,1435984524001387392,219785910,23,0.36960114492949536,0.043016009162363686
train,1435984524001387392,219785910,24,0.3668362073815131,0.04297919313696369
train,1435984524001387392,219785910,26,0.37444771949012556,0.043080849817212455
train,1435984524001387392,219785910,40,0.3685572066838081,0.043002093814221834
train,1435984524001387392,219785910,41,0.3698030741922369,0.04301870290732518
train,1437266348401259776,198391002,14,1.2945282500578614,0.060636557795557454
train,1437266348401259776,198391002,15,0.927102204007425,0.05261244223477304
train,1437266348401259776,198391002,16,1.2952719844548262,0.06065374204503827
train,1437266348401259776,198391002,17,0.8061617731903878,0.05021728704672107
train,1437266348401259776,198391002,18,1.1620378668493585,0.05763054331944172
train,1437266348401259776,198391002,19,1.1567096571925797,0.057512076778513714
train,1437266348401259776,198391002,20,1.3000918299089823,0.060765185823913694
train,1437266348401259776,198391002,22,0.9064045659743118,0.05219255951392467
train,1437266348401259776,198391002,23,1.3017140720852196,0.06080272598370382
train,1437266348401259776,198391002,24,1.163695895798054,0.05766744782899304
train,1437266348401259776,198391002,25,1.1647404139634272,0.05769070653603705
train,1437266348401259776,198391002,26,0.9093244487660646,0.052251553948865936
train,1437266348401259776,198391002,40,1.1454279703465755,0.0572618959735682
train,1437266348401259776,198391002,41,0.9234434048678921,0.052537931589717896
train,1437541977926349184,232607576,14,0.6634785307306688,0.047590350648423554
train,1437541977926349184,232607576,16,0.6635936182818534,0.04759237379903457
train,1437541977926349184,232607576,17,0.664789143525032,0.04761339984263649
train,1437541977926349184,232607576,18,0.664523058365108,0.04760871860768448
train,1437541977926349184,232607576,19,0.6664948336461063,0.047643428680256235
train,1437541977926349184,232607576,20,0.6636512509984631,0.04759338699905714
train,1437541977926349184,232607576,22,0.6629554619821345,0.047581157555062426
train,1437541977926349184,232607576,23,0.6657050896174433,0.04762952072396613
train,1437541977926349184,232607576,24,0.6640775197273657,0.047600882195991394
train,1437541977926349184,232607576,25,0.6611513196353934,0.047549475045462926
train,1437541977926349184,232607576,26,0.6639649813450776,0.047598903186553056
train,1437541977926349184,232607576,40,0.6591424541607211,0.047514244622025976
train,1437541977926349184,232607576,41,0.6592059743181475,0.04751535784216008
train,1437577883852739200,307984487,15,0.5255078251194327,0.04528819825008144
train,1437577883852739200,307984487,16,0.5229154200439807,0.04524742180568421
train,1437577883852739200,307984487,17,0.5299035452574274,0.04535755842782259
train,1437577883852739200,307984487,18,0.5259874521540054,0.04529575291801748
train,1437577883852739200,307984487,19,0.5257374195680194,0.04529181421266569
train,1437577883852739200,307984487,20,0.5236343236381489,0.04525871995530704
train,1437577883852739200,307984487,21,0.5222415617405501,0.0452368382936619
train,1437577883852739200,307984487,25,0.5306523378682056,0.0453694010398884
train,1437577883852739200,307984487,26,0.5225728302066127,0.045242040331597136
train,1439476229333884416,219802019,14,0.7632539900086068,0.04940325862978266
train,1439476229333884416,219802019,15,0.7634489245502312,0.049406911821042725
train,1439476229333884416,219802019,16,0.8302031816117308,0.05068187612655313
train,1439476229333884416,219802019,17,0.7921810974444363,0.049949888417447984
train,1439476229333884416,219802019,19,0.7818688560214131,0.04975398378413133
train,1439476229333884416,219802019,20,0.7845749609914618,0.049805282230275354
train,1439476229333884416,219802019,21,0.8089391613248857,0.05027065284875209
train,1439476229333884416,219802019,22,0.8211645463175727,0.05050650950548994
train,1439476229333884416,219802019,24,0.7652664895125587,0.04944099417701116
train,1439476229333884416,219802019,26,0.7849924195934277,0.04981320281131208
train,1439476229333884416,219802019,40,0.8017343671771762,0.05013238421690686
train,1439476229333884416,219802019,41,0.8101987917751445,0.050294882416191476
train,1439617821519645696,233045685,14,1.0999961650716474,0.05626362485157365
train,1439617821519645696,233045685,15,1.149299356059634,0.05734764650201001
train,1439617821519645696,233045685,16,0.6722826099612932,0.04774558842838921
train,1439617821519645696,233045685,17,1.0919268713724468,0.056087902145722984
train,1439617821519645696,233045685,18,0.6718315523031851,0.047737612140787776
train,1439617821519645696,233045685,20,1.090066438868511,0.056047457262355785
train,1439617821519645696,233045685,21,0.6737858519941717,0.04777218892230197
train,1439617821519645696,233045685,23,0.6707216252025238,0.0477179952793775
train,1439617821519645696,233045685,24,1.087805071007318,0.055998331335154465
train,1439617821519645696,233045685,25,0.6676565085471282,0.047663900495537544
train,1439617821519645696,233045685,26,0.6819005394622274,0.04791625498260468
train,1439617821519645696,233045685,40,1.0920551697895915,0.056090692248965596
train,1439617821519645696,233045685,41,1.1499326310533875,0.057361683471474405
train,1439628786572346112,1400909362,14,0.7881978548280912,0.049874082803565686
train,1439628786572346112,1400909362,15,0.7891722866508581,0.04989261171005506
train,1439628786572346112,1400909362,16,0.7938839976078234,0.04998234807384611
train,1439628786572346112,1400909362,17,0.784687453096236,0.04980741639642987
train,1439628786572346112,1400909362,18,0.779250018418995,0.04970441466583104
train,1439628786572346112,1400909362,20,0.7782105552023566,0.04968476031296438
train,1439628786572346112,1400909362,21,0.777424454952437,0.04966990434546198
train,1439628786572346112,1400909362,23,0.7885513783528393,0.04988080391227667
train,1439628786572346112,1400909362,24,0.7905636331592065,0.0499190858484928
train,1439628786572346112,1400909362,25,0.7851031221155191,0.0498153035206644
train,1439628786572346112,1400909362,26,0.7781736487972388,0.04968406269476027
train,1439628786572346112,1400909362,40,0.7896092999666822,0.049900924848834904
train,1439628786572346112,1400909362,41,0.7850333221989785,0.04981397897060641
train,1440343572209909376,219754703,14,0.8006697872378334,0.05011199985181297
train,1440343572209909376,219754703,15,0.7956031271760149,0.05001514831011176
train,1440343572209909376,219754703,16,0.722479442953463,0.048648443711585575
train,1440343572209909376,219754703,17,0.7284533216174669,0.04875785574226289
train,1440343572209909376,219754703,18,0.7960889326808669,0.05002442294251192
train,1440343572209909376,219754703,19,0.797686463382334,0.0500549394072709
train,1440343572209909376,219754703,20,0.7272953088895151,0.04873661468064628
train,1440343572209909376,219754703,21,0.7312729784404959,0.04880963990483393
train,1440343572209909376,219754703,22,0.8077493459668346,0.050247781410288635
train,1440343572209909376,219754703,23,0.7304540958918524,0.04879459143750973
train,1440343572209909376,219754703,25,0.798175420432651,0.05006428499118772
train,1440343572209909376,219754703,26,0.7986299527494718,0.050072974869840324
train,1440343572209909376,219754703,40,0.7248669012102389,0.04869212105232828
train,1440343572209909376,219754703,41,0.7976160569870616,0.05005359391664562
train,1440583093946207488,219791433,14,0.38909601771633917,0.04327918422134208
train,1440583093946207488,219791433,15,0.9949591834558729,0.05401588043029329
train,1440583093946207488,219791433,16,0.3790086750490732,0.04314222496738674
train,1440583093946207488,219791433,17,0.38804138120606213,0.04326478690881711
train,1440583093946207488,219791433,18,0.990785812632067,0.05392841599760337
train,1440583093946207488,219791433,19,0.4405315736876988,0.04400307646017218
train,1440583093946207488,219791433,20,0.9564139172973021,0.053213723576799606
train,1440583093946207488,219791433,21,0.3828307881023988,0.04319392229764019
train,1440583093946207488,219791433,22,0.3709916756463312,0.04303457265665086
train,1440583093946207488,219791433,23,0.9839099721966675,0.05378463528266574
train,1440583093946207488,219791433,25,0.37405366233434423,0.04307556329468849
train,1440583093946207488,219791433,26,0.37586642491210076,0.04309990394616017
train,1440583093946207488,219791433,40,0.3804178290298046,0.0431612569549104
train,1440583093946207488,219791433,41,0.37609444158627836,0.04310296946658711
train,1440881675776059008,219800217,14,1.4741541373639153,0.06487619158358394
train,1440881675776059008,219800217,15,1.47084138231747,0.06479648233186634
train,1440881675776059008,219800217,16,1.4734211638678452,0.0648585506789224
train,1440881675776059008,219800217,17,1.478730612830567,0.06498639520613513
train,1440881675776059008,219800217,19,1.4742796139404386,0.06487921176372843
train,1440881675776059008,219800217,20,1.478295192003928,0.064975905711129
train,1440881675776059008,219800217,22,1.4746436075706766,0.06488797340365818
train,1440881675776059008,219800217,23,1.4693455076657733,0.06476050712830658
train,1440881675776059008,219800217,24,1.4735865116186968,0.06486252997267421
train,1440881675776059008,219800217,25,1.476770233389942,0.06493917595775325
train,1440881675776059008,219800217,26,1.4736878439736614,0.06486496872407699
train,1440881675776059008,219800217,40,1.472024625138618,0.06482494658511578
train,1440881675776059008,219800217,41,1.4707923681495063,0.06479530338732765
train,1440905865032469888,219804674,40,17.45378369609169,0.5314735698299782
train,1623194761090434048,207431983,15,0.03750765498163122,0.039596923472570704
train,1623194761090434048,207431983,18,0.3141730772037993,0.04230271054455018
train,1623194761090434048,207431983,22,0.03729784313133322,0.03959545735688482
train,1623194761090434048,207431983,25,0.08043085077140733,0.03991647202704431
train,1623446927210443392,207425445,22,0.4450203308808144,0.044068233155710325
train,1623686826903345920,207490896,15,0.9177887007041146,0.0524230156543595
train,1623686826903345920,207490896,16,0.9226381676295787,0.05252154951942207
train,1623686826903345920,207490896,18,0.9176214400430587,0.05241962102279539
train,1623686826903345920,207490896,19,1.5941566149881583,0.06779803023649891
train,1623686826903345920,207490896,22,0.9199219696519509,0.052466333882517535
train,1623686826903345920,207490896,23,0.9170488469216371,0.05240800193325127
train,1623686826903345920,207490896,24,1.593786938001891,0.06778893095676704
train,1623686826903345920,207490896,25,0.9156243340814099,0.05237910874743625
train,1625701166564974848,198278159,14,0.9316250775401271,0.05270471791309333
train,1625701166564974848,198278159,16,0.3141090439721813,0.0423019171103694
train,1625701166564974848,198278159,17,0.35768479749881577,0.04285825135779222
train,1625701166564974848,198278159,18,0.9338688368978514,0.05275056389058294
train,1625701166564974848,198278159,19,0.9308561035254292,0.05268901620842026
train,1625701166564974848,198278159,21,0.9299723223434502,0.05267097687125399
train,1625701166564974848,198278159,22,0.35541499223393,0.042828472209091785
train,1625701166564974848,198278159,23,0.929940653519344,0.05267033059315671
train,1625701166564974848,198278159,24,0.9297230380351162,0.052665889874816865
train,1625701166564974848,198278159,25,0.9296511171330482,0.05266442233259976
train,1625701166564974848,198278159,26,0.9265504421722817,0.0526011979110742
train,1625701166564974848,198278159,40,0.9319367681186395,0.052711083857965135
train,1625701166564974848,198278159,41,0.9360261396559753,0.052794686200299694
train,1627226395351698176,198317654,23,0.8964682896519887,0.051992400267907024
train,1628256809546684416,198188047,14,1.7859524476074713,0.07259217228255618
train,1628256809546684416,198188047,15,1.798813559063378,0.07291851306354868
train,1628256809546684416,198188047,16,1.6932659866481268,0.07025776122186608
train,1628256809546684416,198188047,17,1.7781215408968951,0.07239374931702444
train,1628256809546684416,198188047,18,1.8009514641013473,0.07297281577475155
train,1628256809546684416,198188047,19,1.8046159775808077,0.07306593053243307
train,1628256809546684416,198188047,20,1.6946849907638253,0.0702932609644271
train,1628256809546684416,198188047,21,1.7925247592527052,0.07275886849350674
train,1628256809546684416,198188047,22,1.790145290455046,0.07269849983895219
train,1628256809546684416,198188047,24,1.7961683170393845,0.07285134564336582
train,1628256809546684416,198188047,25,1.7964924610099284,0.07285957494946231
train,1628256809546684416,198188047,26,1.7951022547578115,0.07282428319596397
train,1628256809546684416,198188047,40,1.791831888203382,0.07274128789619318
train,1628256809546684416,198188047,41,1.7916521052456245,0.07273672643466157
train,1629505064480957440,219742325,15,1.432255771278867,0.0638720523696384
train,1629505064480957440,219742325,17,1.4353165103069134,0.06394510892192647
train,1629505064480957440,219742325,18,1.4304663481229685,0.06382936282565375
train,1629505064480957440,219742325,19,1.4287623518381023,0.06378872644656684
train,1629505064480957440,219742325,20,1.4337443531543854,0.06390757727741121
train,1629505064480957440,219742325,21,1.4312475563834817,0.06384799778954464
train,1629505064480957440,219742325,22,1.4324269176135838,0.06387613619243895
train,1629505064480957440,219742325,23,1.4314950489523655,0.06385390213268452
train,1629505064480957440,219742325,24,1.4356764856288498,0.06395370427050659
train,1629505064480957440,219742325,25,1.4324810020202479,0.06387742676308032
train,1629505064480957440,219742325,40,1.4300829066504903,0.06382021733990983
train,1629505064480957440,219742325,41,1.4339352927600018,0.06391213485313378
train,1630079696745880192,198182825,18,3.2461191916348637,0.11203010611121741
train,1630241805991377920,198188973,14,0.5886469362722152,0.04631031979150717
train,1630241805991377920,198188973,15,0.5898159432127101,0.04632975707266071
train,1630241805991377920,198188973,18,0.669934435186793,0.04770409158430015
train,1630241805991377920,198188973,19,0.5836673812625742,0.04622772845635269
train,1630241805991377920,198188973,20,0.5872783823725448,0.04628758778427305
train,1630241805991377920,198188973,21,0.5902754417586044,0.04633740222309768
train,1630241805991377920,198188973,22,0.5908083869222946,0.04634627290376895
train,1630241805991377920,198188973,23,0.5891525638986516,0.0463187247127934
train,1630241805991377920,198188973,24,0.590242664956774,0.04633685678851026
train,1630241805991377920,198188973,25,0.5893770164457921,0.04632245682423987
train,1630241805991377920,198188973,26,0.585790739437632,0.046262906076597964
train,1630241805991377920,198188973,40,0.5879787200847424,0.04629921743586428
train,1630929821096290304,307987048,14,0.37662408530659697,0.04311009346691954
train,1630929821096290304,307987048,15,1.0721292697577536,0.05565885722076474
train,1630929821096290304,307987048,16,0.3763396097337073,0.04310626653638368
train,1630929821096290304,307987048,18,1.0721821343873794,0.05565999889840555
train,1630929821096290304,307987048,19,0.3659194487207119,0.0429670143633706
train,1630929821096290304,307987048,20,0.37088858469962427,0.043033195295023675
train,1630929821096290304,307987048,21,0.36934751304022573,0.04301262666427622
train,1630929821096290304,307987048,22,0.3753025813722469,0.043092327171140185
train,1630929821096290304,307987048,23,0.3717010384966979,0.043044054994183296
train,1630929821096290304,307987048,24,1.0646372819053138,0.05549727629526373
train,1630929821096290304,307987048,25,1.0667865402841026,0.05554358534374787
train,1630929821096290304,307987048,26,1.0612096379219762,0.05542349663631247
train,1630929821096290304,307987048,40,1.0683339250975985,0.055576948237811154
train,1630929821096290304,307987048,41,1.0618534875368062,0.05543734846183977
train,1631308607147630208,232604837,14,1.0064566719985806,0.05425759738056264
train,1631308607147630208,232604837,15,0.6476937950974102,0.04731441933299565
train,1631308607147630208,232604837,16,1.0127588991486427,0.05439055838541369
train,1631308607147630208,232604837,17,0.6392115737319533,0.04716742703100397
train,1631308607147630208,232604837,18,1.010915032877815,0.054351623516967505
train,1631308607147630208,232604837,19,0.646286854751794,0.047289975305139974
train,1631308607147630208,232604837,20,1.0073291636101436,0.05427598513782921
train,1631308607147630208,232604837,21,1.0031049390501787,0.05418701842661914
train,1631308607147630208,232604837,22,1.0104370461571488,0.054341534982954375
train,1631308607147630208,232604837,23,0.6467852819198612,0.047298632088471036
train,1631308607147630208,232604837,24,1.0066235743794327,0.054261114359133826
train,1631308607147630208,232604837,25,1.0069738244195097,0.05426849560370351
train,1631308607147630208,232604837,26,1.0031929500901353,0.05418887051989011
train,1631308607147630208,232604837,40,0.6532121429877228,0.047410533270754056
train,1631308607147630208,232604837,41,1.0142110822988888,0.05442124223637161
train,1632619121928648064,219758158,14,1.3993225429054614,0.06308902061912744
train,1632619121928648064,219758158,15,1.3936712960155893,0.06295522431181776
train,1632619121928648064,219758158,16,0.8858414216207242,0.051779360294809645
train,1632619121928648064,219758158,18,1.3952202686985715,0.06299188023972041
train,1632619121928648064,219758158,19,0.8955586208160113,0.05197412199725836
train,1632619121928648064,219758158,20,1.408286728323771,0.06330159789504797
train,1632619121928648064,219758158,21,0.8949597768161563,0.051962093494657066
train,1632619121928648064,219758158,22,1.3964703075373477,0.06302147127534403
train,1632619121928648064,219758158,23,1.3973384362961359,0.06304202656972001
train,1632619121928648064,219758158,24,0.8854525700285771,0.05177158524070456
train,1632619121928648064,219758158,25,1.3984708318948698,0.06306884508761952
train,1632619121928648064,219758158,26,1.3918626450373957,0.06291243931484014
train,1632619121928648064,219758158,40,0.8904245899076519,0.05187110896373832
train,1632619121928648064,219758158,41,1.3952959594210077,0.06299367176196528
train,1633858202815970944,219895785,14,0.9253891113352559,0.052577540276382465
train,1633858202815970944,219895785,18,0.9886772567568447,0.05388428135460223
train,1633858202815970944,219895785,21,0.8330458124770428,0.05073720089481307
train,1633858202815970944,219895785,24,0.8285327846173358,0.05064940434814037
train,1633858202815970944,219895785,25,0.8503750214293657,0.051076234997033836
train,1633858202815970944,219895785,26,0.8336631075471763,0.050749225861252946
train,1633858202815970944,219895785,40,0.9737557608132985,0.053573038114520535
train,1633858202815970944,219895785,41,0.778741954804937,0.04969480665184142
train,1634730287334726528,219099369,14,1.237155583865019,0.059321071552841345
train,1634730287334726528,219099369,15,1.2392990391733822,0.0593698509810726
train,1634730287334726528,219099369,16,1.2297250481130566,0.05915219834492356
train,1634730287334726528,219099369,17,1.2746288127491041,0.060178004302061876
train,1634730287334726528,219099369,18,1.2392297578703089,0.059368273864588164
train,1634730287334726528,219099369,19,1.2298121209917312,0.05915417520182774
train,1634730287334726528,219099369,20,1.26193907484453,0.0598868420773423
train,1634730287334726528,219099369,22,1.2268121611789486,0.0590860937027061
train,1634730287334726528,219099369,23,1.239032652513572,0.05936378713337692
train,1634730287334726528,219099369,24,1.2459445442997734,0.059521269932658695
train,1634730287334726528,219099369,25,1.2744967795276725,0.06017496977224141
train,1634730287334726528,219099369,40,1.2343508892517931,0.059257288122909174
train,1634730287334726528,219099369,41,1.2568535700404262,0.05977043483214817
train,1637063622806781824,219865895,14,1.61134539387108,0.06822175514313471
train,1637063622806781824,219865895,15,1.612319873870918,0.0682458144575167
train,1637063622806781824,219865895,16,1.6127041334017294,0.06825530267888635
train,1637063622806781824,219865895,17,1.6128645596377125,0.06825926414114725
train,1637063622806781824,219865895,18,1.6127455240901059,0.06825632474364808
train,1637063622806781824,219865895,19,1.6098321310718688,0.06818440147090903
train,1637063622806781824,219865895,20,1.6119477154242468,0.06823662562576832
train,1637063622806781824,219865895,21,1.613010859542482,0.06826287687038618
train,1637063622806781824,219865895,22,1.6134195282147703,0.06827296900537931
train,1637063622806781824,219865895,23,1.6087982430173253,0.0681588862827823
train,1637063622806781824,219865895,24,1.6127609391722189,0.06825670539176931
train,1637063622806781824,219865895,25,1.6072692358817287,0.0681211603192864
train,1637063622806781824,219865895,26,1.6116635017470415,0.06822960859614519
train,1637063622806781824,219865895,40,1.6139225530134351,0.06828539223433022
train,1637063622806781824,219865895,41,1.6154938182124619,0.06832420463211297
train,1638338334739708288,219880891,14,1.025164570613194,0.0546532402747246
train,1638338334739708288,219880891,15,1.0849621432578027,0.05593662638965304
train,1638338334739708288,219880891,16,1.025707040658539,0.054664755367433
train,1638338334739708288,219880891,17,1.0340336956824665,0.05484180524611593
train,1638338334739708288,219880891,19,1.0317919693479436,0.054794084325970764
train,1638338334739708288,219880891,20,1.0264223822518457,0.054679943680688466
train,1638338334739708288,219880891,22,0.993327864936772,0.053981674197997175
train,1638338334739708288,219880891,23,0.9758019720473499,0.053615606636865716
train,1638338334739708288,219880891,24,1.0309142438573056,0.054775410702368604
train,1638338334739708288,219880891,25,1.0004488742949202,0.05413115492423366
train,1638338334739708288,219880891,26,0.9759178837780469,0.05361801909450774
train,1638338334739708288,219880891,40,0.9793792575026252,0.0536901134411758
train,1638736392309324416,219884723,14,1.2309197492209487,0.05917932644670168
train,1638736392309324416,219884723,16,0.5235955575361679,0.045258110526212814
train,1638736392309324416,219884723,17,1.2224382494851411,0.05898693523213532
train,1638736392309324416,219884723,18,1.2184228914392803,0.05889601409084875
train,1638736392309324416,219884723,19,1.1719756649767548,0.05785202307611221
train,1638736392309324416,219884723,20,0.523634324419023,0.045258719967583114
train,1638736392309324416,219884723,22,1.225809266614221,0.05906334676430558
train,1638736392309324416,219884723,23,1.2152718617704332,0.058824737469615404
train,1638736392309324416,219884723,24,0.5249605957573811,0.045279582778600766
train,1638736392309324416,219884723,26,0.5258792896285873,0.04529404894938621
train,1638736392309324416,219884723,40,0.522745297181762,0.045244749269599496
train,1638736392309324416,219884723,41,1.225397397817372,0.05905400692426118
train,1638785251856785408,233204575,14,0.2893087179663294,0.04200005494255317
train,1638785251856785408,233204575,15,0.37218621426947085,0.04305054534988844
train,1638785251856785408,233204575,16,1.0370586360589298,0.05490626288964183
train,1638785251856785408,233204575,18,0.8521276223250278,0.0511106907775182
train,1638785251856785408,233204575,19,0.287353049437037,0.04197671616561256
train,1638785251856785408,233204575,20,1.0264223822518457,0.054679943680688466
train,1638785251856785408,233204575,21,0.8581008983800311,0.05122835288815318
train,1638785251856785408,233204575,22,1.0143003254999419,0.05442312846329075
train,1638785251856785408,233204575,23,0.28045892095846214,0.04189498970247106
train,1638785251856785408,233204575,24,0.39214776313115085,0.043320947346162805
train,1638785251856785408,233204575,25,0.8634249216785443,0.051333522548721186
train,1638785251856785408,233204575,26,0.8677859318541878,0.05141987606330323
train,1638785251856785408,233204575,40,0.8251911670046714,0.050584530264204994
train,1638785251856785408,233204575,41,0.8416320966961126,0.05090480850727328
train,1638814388915038080,233204454,14,0.39531790691552493,0.04336449153892019
train,1638814388915038080,233204454,15,0.39687681563417765,0.04338596421315914
train,1638814388915038080,233204454,16,0.39330042160371836,0.043336761003528776
train,1638814388915038080,233204454,17,0.39562673709978113,0.04336874228263192
train,1638814388915038080,233204454,18,0.3962216552281633,0.04337693511360133
train,1638814388915038080,233204454,19,0.3922160712064815,0.043321883880961386
train,1638814388915038080,233204454,21,0.3958210944972912,0.0433714182156817
train,1638814388915038080,233204454,22,0.39123933157006485,0.04330849957126634
train,1638814388915038080,233204454,24,0.3984721837323999,0.04340797992332704
train,1638814388915038080,233204454,25,0.39362851270811217,0.0433412661380849
train,1638814388915038080,233204454,26,0.39689095641742755,0.043386159171325725
train,1638814388915038080,233204454,41,0.3949544511287455,0.0433594909134757
train,1639295390892588288,356820178,14,1.6861356782380827,0.0700794964351963
train,1639295390892588288,356820178,15,1.6894483189271556,0.0701622914771353
train,1639295390892588288,356820178,16,2.9841923346339376,0.10470902304512228
train,1639295390892588288,356820178,17,1.6918531915013,0.07022242445703183
train,1639295390892588288,356820178,18,1.6832193899093713,0.07000664266850987
train,1639295390892588288,356820178,19,1.6855266730296297,0.07006427975583925
train,1639295390892588288,356820178,20,1.6883636259423869,0.0701351763761636
train,1639295390892588288,356820178,21,1.6832239840871903,0.07000675741295294
train,1639295390892588288,356820178,22,1.6771801616857598,0.0698558772248493
train,1639295390892588288,356820178,23,1.6906159846218032,0.07019148577226542
train,1639295390892588288,356820178,24,1.6886539863872077,0.07014243434916598
train,1639295390892588288,356820178,25,1.6855686373768008,0.07006532823635878
train,1639295390892588288,356820178,40,1.6860095312403451,0.07007634439340374
train,1639295390892588288,356820178,41,1.6846575122739609,0.07004256527374443
train,1640184036806586624,202353950,14,0.6946581812651791,0.04814435227453138
train,1640184036806586624,202353950,15,1.7239276906635648,0.07102653037374378
train,1640184036806586624,202353950,18,0.8389378221236561,0.05085213511106011
train,1640184036806586624,202353950,21,0.6950131182538954,0.04815072605767608
train,1640184036806586624,202353950,22,0.8328950234466557,0.05073426409781535
train,1640184036806586624,202353950,23,0.691986658688005,0.048096426452417115
train,1640184036806586624,202353950,24,0.6957195685230145,0.04816341659361381
train,1640184036806586624,202353950,41,0.6969539762998109,0.04818560546540304
train,1640277735812597888,198536181,14,0.5387590552546663,0.04549812189780224
train,1640277735812597888,198536181,15,0.534523156699672,0.04543074716846864
train,1640277735812597888,198536181,17,0.5413771278459292,0.04553989039226827
train,1640277735812597888,198536181,18,0.5385815558144511,0.04549529357650069
train,1640277735812597888,198536181,21,1.0193973589277239,0.054530966846200256
train,1640277735812597888,198536181,22,0.5327162331323045,0.04540208398229815
train,1640277735812597888,198536181,23,0.5320151102880303,0.045390974534892055
train,1640277735812597888,198536181,41,0.5333784582232195,0.04541258347981486
train,1642179169374772864,198177398,14,0.6073546706992919,0.04662355046485849
train,1642179169374772864,198177398,15,0.6412626502701853,0.0472028880863338
train,1642179169374772864,198177398,17,0.6249181159159939,0.04692178963131378
train,1642179169374772864,198177398,18,0.6727292529975017,0.0477534890914048
train,1642179169374772864,198177398,19,0.6402349039906784,0.047185112749322605
train,1642179169374772864,198177398,20,0.6063715997586014,0.0466069757742977
train,1642179169374772864,198177398,21,0.628444043561529,0.046982141771801336
train,1642179169374772864,198177398,22,0.6552189582784964,0.047445580331463184
train,1642179169374772864,198177398,23,0.6074313258265479,0.04662484341063051
train,1642179169374772864,198177398,24,1.4167032313440844,0.06350156969708066
train,1642179169374772864,198177398,25,0.6089518668195603,0.04665050632192783
train,1642179169374772864,198177398,26,0.6054681595343752,0.04659175482402084
train,1642179169374772864,198177398,40,0.6887940100257122,0.04803926342882673
train,1642179169374772864,198177398,41,0.6088748511816464,0.04664920576529705
train,1645707296028738688,272651106,14,1.0064564332862047,0.0542575923505644
train,1645707296028738688,272651106,17,1.0094045353799073,0.054319748937243846
train,1645707296028738688,272651106,20,1.0136935706611412,0.05441030550256643
train,1645707296028738688,272651106,21,1.0006554110042019,0.05413549678199589
train,1645707296028738688,272651106,22,1.0135840894179502,0.05440799208391819
train,1645707296028738688,272651106,23,1.0090566887839971,0.05431241133600638
train,1645707296028738688,272651106,40,1.0149611395681297,0.05443709733819988
train,1645707296028738688,272651106,41,1.0052309142133873,0.05423177521338099
train,1646164692866126848,272746450,14,0.7258380064672816,0.048709905665776404
train,1646164692866126848,272746450,15,0.7248635492385825,0.04869205968378321
train,1646164692866126848,272746450,17,0.7331916391303464,0.04884492873482509
train,1646164692866126848,272746450,20,0.7272953098702929,0.048736614698629874
train,1646164692866126848,272746450,21,0.7256052425070177,0.04870564189051931
train,1646164692866126848,272746450,22,0.7278238050698633,0.04874630681555531
train,1646164692866126848,272746450,24,0.727341658997623,0.048737464571173165
train,1646164692866126848,272746450,40,0.724375888697907,0.0486831328752424
train,1646164692866126848,272746450,41,0.7284108066991555,0.04875707563325957
train,1646561754002820992,272749171,22,0.5480244527098277,0.045646372813828384
train,1646561754002820992,272749171,40,0.5464665514304236,0.04562136163348942
train,1647285507531659392,462575611,14,0.6884222162247585,0.04803261453232557
train,1647285507531659392,462575611,17,0.6890437344540278,0.048043730251198624
train,1647285507531659392,462575611,22,0.6878284316284236,0.04802199913924791
train,1647285507531659392,462575611,23,0.6849175088335177,0.047970020180683685
train,1647285507531659392,462575611,40,0.6887940212444102,0.048039263629478905
train,1647756923141966720,272781760,14,0.7507818666289636,0.04917039592375634
train,1647756923141966720,272781760,15,0.7441344968324732,0.04904699218078689
train,1647756923141966720,272781760,17,0.7428044180186237,0.04902235968629023
train,1647756923141966720,272781760,18,0.7541410337562966,0.049232944128760774
train,1647756923141966720,272781760,19,0.7427230902977169,0.04902085417690374
train,1647756923141966720,272781760,20,0.7082020924842364,0.04838862256794469
train,1647756923141966720,272781760,21,0.7425810699350628,0.04901822532572837
train,1647756923141966720,272781760,22,0.7481714862818192,0.04912187709307169
train,1647756923141966720,272781760,23,0.7418547772884716,0.04900478492086331
train,1647756923141966720,272781760,24,0.752639737402347,0.049204974242020916
train,1647756923141966720,272781760,26,0.7514934876976787,0.04918363592926728
train,1647756923141966720,272781760,40,0.7421668224246554,0.0490105587428416
train,1647756923141966720,272781760,41,0.7409935388588933,0.04898885497786374
train,1649068503075008640,219854381,14,0.8131417196475759,0.05035155536639182
train,1649068503075008640,219854381,15,1.4427727252581097,0.06412327920446263
train,1649068503075008640,219854381,16,1.3444315271865426,0.06179674511329374
train,1649068503075008640,219854381,17,1.3930335579487416,0.06294013615366148
train,1649068503075008640,219854381,19,1.3374220023825067,0.06163291975221544
train,1649068503075008640,219854381,20,1.3446426720194549,0.06180168424537655
train,1649068503075008640,219854381,21,1.3447804411835376,0.06180490709761207
train,1649068503075008640,219854381,22,1.3467104460732646,0.0618500671525311
train,1649068503075008640,219854381,23,1.4460217612684605,0.06420100424253004
train,1649068503075008640,219854381,24,1.3534596945210076,0.0620081561533512
train,1649068503075008640,219854381,25,1.346271230898155,0.061839788150334425
train,1649068503075008640,219854381,26,1.3359464408077546,0.06159846855995285
train,1649068503075008640,219854381,40,1.3411282390555168,0.06171950673600901
train,1649068503075008640,219854381,41,1.3449650202686754,0.06180922514753626
train,1649156257846877568,219853206,18,0.5402852015125589,0.04552245818835549
train,1649156257846877568,219853206,19,0.5334611358766828,0.045413894759779506
train,1649156257846877568,219853206,25,-0.2719164,0.03850000009024541
train,1649156257846877568,219853206,40,0.5286756083547601,0.04533815509911797
train,1649156257846877568,219853206,41,0.5333786264373169,0.04541258614761742
train,1651279071202817536,233212092,14,0.33919539511889196,0.04261821688422542
train,1651279071202817536,233212092,15,0.3201828056536249,0.042377495954248966
train,1651279071202817536,233212092,16,0.2793458386244885,0.04188187486501243
train,1651279071202817536,233212092,19,0.2878406421103836,0.041982528644168494
train,1651279071202817536,233212092,21,0.33113312579408016,0.04251537737616367
train,1651279071202817536,233212092,25,0.2827043605900934,0.041921514432798936
train,1651279071202817536,233212092,26,0.33546987266480677,0.04257055659032397
train,1651279071202817536,233212092,40,0.2914512869248833,0.042025702717773006
train,1651279071202817536,233212092,41,0.3257508722380267,0.042447346784992214
train,1651651633847089024,441812800,14,1.6674281743058716,0.069612724944028
train,1651651633847089024,441812800,15,1.6701562069377085,0.06968070717547141
train,1651651633847089024,441812800,16,1.6665111124151366,0.06958987843984504
train,1651651633847089024,441812800,17,1.6662942932829932,0.06958447736933704
train,1651651633847089024,441812800,18,1.666652796396628,0.0695934079569388
train,1651651633847089024,441812800,19,1.6679335943252225,0.06962531774311274
train,1651651633847089024,441812800,20,1.669269989326065,0.06965861954198972
train,1651651633847089024,441812800,21,1.6719560076128333,0.06972557395193874
train,1651651633847089024,441812800,22,1.671145823410732,0.06970537550553005
train,1651651633847089024,441812800,23,1.665750580541596,0.06957093403282347
train,1651651633847089024,441812800,24,1.6696807245834604,0.06966885611424174
train,1651651633847089024,441812800,25,1.672518737127622,0.06973960469435854
train,1651651633847089024,441812800,26,1.66626002063826,0.0695836236379397
train,1651651633847089024,441812800,40,1.66725448025723,0.06960839749941641
train,1651651633847089024,441812800,41,1.6720750433847393,0.06972854181147989
train,1652482825981189120,441811658,17,0.6206275098813329,0.04684856396645965
train,1652482825981189120,441811658,19,0.6190281838579088,0.04682132971371211
train,1652482825981189120,441811658,21,0.6191147914364571,0.04682280367245339
train,1652482825981189120,441811658,22,1.5200796590494252,0.06598662322831055
train,1652482825981189120,441811658,23,0.8406794791496905,0.050886176370347924
train,1652682043744659968,441807753,14,3.0642551345776248,0.10693915408329198
train,1652682043744659968,441807753,15,3.0591882701779234,0.10679780713004444
train,1652682043744659968,441807753,16,3.0654989181122225,0.10697385534500367
train,1652682043744659968,441807753,18,3.0586730891970557,0.10678343703097089
train,1652682043744659968,441807753,20,3.0631054623175675,0.10690707999472898
train,1652682043744659968,441807753,22,3.062540064044857,0.10689130677806499
train,1652682043744659968,441807753,40,3.060848285816607,0.10684411241288534
train,1652682043744659968,441807753,41,3.0624378556437275,0.10688845545290143
train,1653654050678290048,229674823,15,0.4033072972620868,0.043474955052115516
train,1653654050678290048,229674823,16,0.4020345954127825,0.04345728917316714
train,1653654050678290048,229674823,17,0.4078195953443352,0.04353779883129109
train,1653654050678290048,229674823,18,0.40365954541445614,0.04347984908964234
train,1653654050678290048,229674823,19,0.40689380524246255,0.043524878434942245
train,1653654050678290048,229674823,20,0.3963462085119793,0.043378651109362044
train,1653654050678290048,229674823,21,0.4022416473289959,0.0434601613992348
train,1653654050678290048,229674823,23,0.40314148705010233,0.043472652024099355
train,1653654050678290048,229674823,24,0.40479660433364895,0.0434956607195889
train,1653654050678290048,229674823,25,0.4001534628327015,0.043431225823740406
train,1653654050678290048,229674823,40,0.40413908161643686,0.04348651484775833
train,1653654050678290048,229674823,41,0.40124554770506327,0.043446349844482854
train,1653802003712212992,233498959,15,2.358240668382795,0.08757249112334796
train,1653802003712212992,233498959,16,2.355727895238063,0.08750500594494458
train,1653802003712212992,233498959,17,2.3596536604559457,0.08761044511946665
train,1653802003712212992,233498959,18,2.3010884755691947,0.08604070216732512
train,1653802003712212992,233498959,19,2.3064489976735922,0.08618409113721004
train,1653802003712212992,233498959,20,2.312032352912987,0.08633350394372423
train,1653802003712212992,233498959,21,2.3476691553355273,0.08728865796599701
train,1653802003712212992,233498959,22,2.3375712335530032,0.0870177481613797
train,1653802003712212992,233498959,23,2.338166036410861,0.08703370002807076
train,1653802003712212992,233498959,24,2.3400693083158606,0.08708474817142176
train,1653802003712212992,233498959,25,2.3380636498357346,0.08703095409783632
train,1653802003712212992,233498959,26,2.347205181314398,0.0872762058753392
train,1653802003712212992,233498959,40,2.3136993016207583,0.08637812461716568
train,1653802003712212992,233498959,41,2.3137804271661784,0.08638029632147422
train,1654796271460860416,320323678,15,0.5833669498653098,0.04622275609924045
train,1654796271460860416,320323678,16,0.5835956961240204,0.04622654190539028
train,1654796271460860416,320323678,17,0.5898843215528244,0.046330894575304635
train,1654796271460860416,320323678,18,0.5813481746952135,0.046189375348998404
train,1654796271460860416,320323678,19,0.5836672961910204,0.04622772704818545
train,1654796271460860416,320323678,20,0.5809139765771927,0.04618220297723552
train,1654796271460860416,320323678,21,0.5806530133888402,0.04617789343524548
train,1654796271460860416,320323678,22,0.586365806606587,0.04627244359233097
train,1654796271460860416,320323678,23,0.5832279723766822,0.04622045633100266
train,1654796271460860416,320323678,24,0.5818803811686225,0.0461981701466622
train,1654796271460860416,320323678,25,0.5828520663212029,0.04621423722132153
train,1654796271460860416,320323678,26,0.583169566136063,0.04621948991504085
train,1654796271460860416,320323678,40,0.5822588050247062,0.04620442597829713
train,1654796271460860416,320323678,41,0.5836913092326038,0.04622812453365323
train,1655925538622816128,441768182,14,0.9762200991858081,0.053624309612625425
train,1655925538622816128,441768182,15,0.9756401753176007,0.053612239373187244
train,1655925538622816128,441768182,17,0.9881650273344185,0.053873565452105684
train,1655925538622816128,441768182,18,0.9884230967617063,0.05387896401831805
train,1655925538622816128,441768182,19,0.9860235845686169,0.05382879030855416
train,1655925538622816128,441768182,21,0.9770937730050142,0.05364249927143591
train,1655925538622816128,441768182,22,0.9727912583310789,0.0535529855199812
train,1655925538622816128,441768182,24,0.9929677202498113,0.05397412553993151
train,1655925538622816128,441768182,26,0.9848724003081943,0.053804736449475365
train,1655925538622816128,441768182,40,0.9852830900233462,0.0538133164693276
train,1655925538622816128,441768182,41,0.9800389980682951,0.053703866336237346
train,1656445641981936512,441738064,14,1.0563161366407998,0.05531832316963097
train,1656445641981936512,441738064,15,1.0592393272718728,0.055381127297242
train,1656445641981936512,441738064,16,1.050509971610591,0.055193777611604156
train,1656445641981936512,441738064,17,1.0656700102577445,0.05551952353665315
train,1656445641981936512,441738064,18,1.0670221788427323,0.055548664710925906
train,1656445641981936512,441738064,19,1.063327159039314,0.055469065268357154
train,1656445641981936512,441738064,21,1.0571789213053162,0.05533685296449288
train,1656445641981936512,441738064,22,1.0656988874314035,0.055520145733293
train,1656445641981936512,441738064,23,1.0594477661265909,0.05538560811125445
train,1656445641981936512,441738064,24,1.0688607674647999,0.05558831161489096
train,1656445641981936512,441738064,26,1.0600065133700973,0.055397621183300945
train,1656445641981936512,441738064,41,1.0681162622540044,0.05557225412901114
train,1656577411579373184,229675893,14,1.374343645413949,0.062498920811351555
train,1656577411579373184,229675893,15,1.3743432809437544,0.06249891222561741
train,1656577411579373184,229675893,16,1.373280345465791,0.06247387598729526
train,1656577411579373184,229675893,17,1.371586875948144,0.06243400092633009
train,1656577411579373184,229675893,18,0.9021572021864712,0.052106886122830216
train,1656577411579373184,229675893,19,0.9016924124187655,0.0520975211136075
train,1656577411579373184,229675893,20,1.3764647009962157,0.06254889819857112
train,1656577411579373184,229675893,21,1.3740520159469223,0.062492051198823645
train,1656577411579373184,229675893,22,1.3716223976675754,0.06243483717362313
train,1656577411579373184,229675893,23,1.3719745656868234,0.062443128235063476
train,1656577411579373184,229675893,24,1.3724329563247544,0.06245392109785997
train,1656577411579373184,229675893,26,1.3728039440079334,0.06246265688471239
train,1656577411579373184,229675893,40,1.376710125345346,0.06255468258562266
train,1656577411579373184,229675893,41,1.3763866869039867,0.06254705955894271
train,1656772192639126656,441788616,14,2.024654758501887,0.07873483445446731
train,1656772192639126656,441788616,15,2.030275630740727,0.07888149955707602
train,1656772192639126656,441788616,16,2.027060312752602,0.07879759197124962
train,1656772192639126656,441788616,17,2.0285824028811685,0.07883730925607539
train,1656772192639126656,441788616,18,2.0292195844100833,0.07885393767587383
train,1656772192639126656,441788616,19,2.0270962083125026,0.07879852855457707
train,1656772192639126656,441788616,20,2.0256845394974086,0.0787616980663162
train,1656772192639126656,441788616,21,2.0257096515297253,0.07876235319289959
train,1656772192639126656,441788616,22,2.020057726182369,0.07861494810963852
train,1656772192639126656,441788616,24,2.0301726988546562,0.07887881299277945
train,1656772192639126656,441788616,25,2.031391509950579,0.07891062629640139
train,1656772192639126656,441788616,26,2.0299196092601175,0.07887220737260828
train,1656772192639126656,441788616,40,2.023065687919977,0.07869338646183417
train,1656772192639126656,441788616,41,2.0243837019845623,0.07872776395677725
train,1656786112630262656,441765957,14,0.4576761201266365,0.044253614474306584
train,1656786112630262656,441765957,15,0.45475315160251994,0.044210580300328574
train,1656786112630262656,441765957,16,0.3053089468998934,0.04219356004418006
train,1656786112630262656,441765957,18,0.2723241036132058,0.04179965779035417
train,1656786112630262656,441765957,19,0.457038817269818,0.04424422046227763
train,1656786112630262656,441765957,20,0.466370882497782,0.044382396406911266
train,1656786112630262656,441765957,21,0.45711051053514296,0.04424527692966997
train,1656786112630262656,441765957,22,0.45974908789793134,0.04428421351020537
train,1656786112630262656,441765957,24,0.4490675485423923,0.04412724825129914
train,1656786112630262656,441765957,25,0.45235322607511097,0.04417534472500146
train,1656786112630262656,441765957,26,0.44527286104543695,0.04407190805057936
train,1656786112630262656,441765957,40,0.3061593106580439,0.042203971236789775
train,1656786112630262656,441765957,41,0.4515754129540399,0.044163943907649425
train,1660097979090980864,441663374,22,2.310448904692211,0.08629112370172515
train,1697653344926025344,219733262,14,0.33920817396120995,0.04261838077234684
train,1697653344926025344,219733262,15,0.3904458935047136,0.04329763851065261
train,1697653344926025344,219733262,22,0.34218676010877747,0.04265665723424983
train,1697653344926025344,219733262,26,0.3407829930581239,0.04263859915791036
train,1697653344926025344,219733262,40,0.3389056579516929,0.04261450176762201
train,1697682378904964224,270494308,14,0.6697143211034969,0.04770020518623407
train,1697682378904964224,270494308,15,0.666966074288235,0.04765173120658515
train,1697682378904964224,270494308,20,0.6700157262949431,0.04770552703326397
train,1697682378904964224,270494308,21,0.6737861149462939,0.047772193577753974
train,1697682378904964224,270494308,22,0.6668849826950276,0.04765030230515476
train,1697682378904964224,270494308,26,0.6706980508586521,0.047717578789144434
train,1697682378904964224,270494308,40,0.6710030875176619,0.04772296842521076
train,1703315314413106816,160603848,14,3.026839524333254,0.10589605890937147
train,1703315314413106816,160603848,15,3.027033663766195,0.1059014672532828
train,1703315314413106816,160603848,16,3.021126192223413,0.1057369155444767
train,1703315314413106816,160603848,17,3.026869732140021,0.10589690043686951
train,1703315314413106816,160603848,18,3.018545504989863,0.10566504316966027
train,1703315314413106816,160603848,19,3.02402691152336,0.10581770975486689
train,1703315314413106816,160603848,20,3.0248458019924316,0.10584052015009209
train,1703315314413106816,160603848,21,3.0226393197723036,0.105779059758514
train,1703315314413106816,160603848,22,3.0252864345936867,0.10585279438973003
train,1703315314413106816,160603848,23,3.0263990797723856,0.10588378914358006
train,1703315314413106816,160603848,24,3.023106733250758,0.105792078858113
train,1703315314413106816,160603848,26,3.0272341780052825,0.10590705323095133
train,1703315314413106816,160603848,40,3.025336650690692,0.10585419322058415
train,1703315314413106816,160603848,41,3.0246897738079737,0.10583617388884806
train,1704106584827915136,160603693,14,2.920830354742204,0.10294931453727256
train,1704106584827915136,160603693,15,2.9177117318285246,0.10286282710105603
train,1704106584827915136,160603693,16,2.926069292654077,0.10309463034355179
train,1704106584827915136,160603693,18,2.923873250951499,0.10303371326582576
train,1704106584827915136,160603693,19,2.9158215854278655,0.10281041424210147
train,1704106584827915136,160603693,20,2.925551185003881,0.10308025777514852
train,1704106584827915136,160603693,21,2.925620783294039,0.10308218844805178
train,1704106584827915136,160603693,22,2.9248841983905436,0.10306175570728938
train,1704106584827915136,160603693,23,2.9268204216527858,0.10311546761869064
train,1704106584827915136,160603693,25,2.918784925682246,0.10289258819223862
train,1704106584827915136,160603693,26,2.9262397725561415,0.1030993596133166
train,1704106584827915136,160603693,40,2.924521359572452,0.10305169086127561
train,1704106584827915136,160603693,41,2.9240300433100206,0.10303806241233378
train,1704703104246372864,229670328,15,1.4900959147601123,0.06526051331058891
train,1704703104246372864,229670328,17,1.495380783955674,0.06538818862178311
train,1704703104246372864,229670328,18,1.5999008382101119,0.06793949387354757
train,1704703104246372864,229670328,19,1.4974888253916787,0.06543915304788885
train,1704703104246372864,229670328,20,1.4910240053125554,0.06528292510667848
train,1704703104246372864,229670328,22,1.4955563285402607,0.06539243181880357
train,1704703104246372864,229670328,25,1.4832955767045486,0.06509642239779255
train,1704703104246372864,229670328,26,-0.2719164,0.03850000009024541
train,1704729423806068864,441720170,14,0.5325061221909069,0.045398753996880425
train,1704729423806068864,441720170,15,0.5325659561167744,0.04539970222317802
train,1704729423806068864,441720170,16,0.5320215621004727,0.04539107673354076
train,1704729423806068864,441720170,17,0.5268318817717733,0.04530906161161592
train,1704729423806068864,441720170,18,0.532243601497583,0.04539459426385566
train,1704729423806068864,441720170,19,1.3191685453870066,0.061207614239391486
train,1704729423806068864,441720170,20,0.5299987302143753,0.04535906339425936
train,1704729423806068864,441720170,21,0.5319286403461714,0.0453896048819611
train,1704729423806068864,441720170,22,0.5321699056878437,0.04539342670328582
train,1704729423806068864,441720170,23,0.5281325866437472,0.045329581341895867
train,1704729423806068864,441720170,24,0.5376094369598792,0.04547981145480887
train,1704729423806068864,441720170,25,0.5306526451102581,0.04536940590074277
train,1704729423806068864,441720170,26,0.5347542538039228,0.04543441638723607
train,1704729423806068864,441720170,41,0.527070210827505,0.04531281965289872
train,1704823157171897472,441740725,14,0.6385152917819565,0.04715540109056689
train,1704823157171897472,441740725,15,0.6362682924122173,0.04711663352246045
train,1704823157171897472,441740725,18,0.5330501799011449,0.04540737789125195
train,1704823157171897472,441740725,20,-0.2719164,0.03850000009024541
train,1704823157171897472,441740725,22,0.6489418519954021,0.04733612367210471
train,1704823157171897472,441740725,41,0.6466036407938247,0.04729547694835338
train,1705554568626108544,288269394,14,1.2995136433496786,0.06075180981754631
train,1705554568626108544,288269394,18,1.290150450920315,0.060535473923446714
train,1705554568626108544,288269394,19,1.2940380584237037,0.06062523354028533
train,1705554568626108544,288269394,20,1.2937619024703493,0.0606188545004276
train,1705554568626108544,288269394,21,1.2950042117337321,0.060647554681764276
train,1705554568626108544,288269394,22,1.2964067426219794,0.060679967369151856
train,1705554568626108544,288269394,24,1.2965399091097658,0.06068304547246026
train,1705554568626108544,288269394,25,1.2940719807029428,0.060626017156243675
train,1705554568626108544,288269394,26,1.2949061726926883,0.06064528942252244
train,1705554568626108544,288269394,40,1.2877225899817928,0.06047946367146149
train,1705554568626108544,288269394,41,1.2883094227182774,0.06049299854883296
train,1705890508084908672,441723854,15,0.5319213348358175,0.045389489170147096
train,1705890508084908672,441723854,17,0.41062770647281,0.04357707319550548
train,1705890508084908672,441723854,19,0.5327343480336764,0.04540237110922702
train,1705890508084908672,441723854,22,0.5276912179271378,0.045322615672935294
train,1705890508084908672,441723854,23,0.5235386193043358,0.04525721545802205
train,1705890508084908672,441723854,24,0.5312850163586301,0.04537941343943557
train,1705890508084908672,441723854,25,0.5241276935239959,0.04526647793707303
train,1705890508084908672,441723854,26,0.5292829743288673,0.04534774975522977
train,1705890508084908672,441723854,40,0.4634266979381837,0.044338659946938294
train,1705890508084908672,441723854,41,0.527070210827505,0.04531281965289872
train,1705938371200488448,237106692,14,1.1186744716943584,0.056672228497039755
train,1705938371200488448,237106692,15,1.110684503917606,0.05649712705021898
train,1705938371200488448,237106692,18,1.1095904904677851,0.0564731879937612
train,1705938371200488448,237106692,19,1.120479242249579,0.05671184485957984
train,1705938371200488448,237106692,20,1.1091900700653081,0.056464428249344306
train,1705938371200488448,237106692,21,1.105009132030848,0.05637303512855362
train,1705938371200488448,237106692,22,1.1209721574744573,0.05672266891647899
train,1705938371200488448,237106692,24,1.1068072910722941,0.05641232613129404
train,1705938371200488448,237106692,25,1.1178982878738617,0.056655197844605855
train,1705938371200488448,237106692,26,1.1033296135861588,0.05633635811107609
train,1705938371200488448,237106692,40,1.1216773743183321,0.05673815802943589
train,1705938371200488448,237106692,41,1.1058636611907369,0.05639170419405015
train,1706763932633796608,288392504,14,0.9568089015878452,0.053221878218903514
train,1706763932633796608,288392504,20,0.9437118754952711,0.05295221897576262
train,1706763932633796608,288392504,21,0.8491324929477109,0.0510518256445677
train,1706763932633796608,288392504,40,0.902260482191616,0.05210896737769423
train,1707212116765056000,160409841,14,0.8318261304479886,0.050713452745178925
train,1707212116765056000,160409841,15,0.834164323134085,0.05075899243121899
train,1707212116765056000,160409841,19,0.8343224887273719,0.05076207493765951
train,1707212116765056000,160409841,20,0.8354902890224332,0.05078484216739375
train,1707212116765056000,160409841,21,0.8363933704166553,0.05080245794804554
train,1707212116765056000,160409841,22,0.839675191289956,0.050866543505156736
train,1707212116765056000,160409841,26,0.832289099577278,0.0507224653320676
train,1707212116765056000,160409841,40,0.8370518023006464,0.05081530671844948
train,1707212116765056000,160409841,41,0.8353406354774873,0.050781923776739436
train,1707727895093770368,160473885,19,0.025587306403039245,0.03951512024440274
train,1707727895093770368,160473885,20,0.3077042179987114,0.042222918499784004
train,1707727895093770368,160473885,22,0.6748932605638266,0.04779180255557777
train,1707727895093770368,160473885,26,0.004134974894319521,0.039375606266036624
train,1707776063150703232,159417267,14,0.6509869587926683,0.047371731182096366
train,1707776063150703232,159417267,15,0.9113327456783233,0.05229217634906178
train,1707776063150703232,159417267,19,0.6443014849677898,0.04725552392379155
train,1707776063150703232,159417267,20,0.6509225075186944,0.047370608219576435
train,1707776063150703232,159417267,21,0.6487522977464293,0.04733282597368441
train,1707776063150703232,159417267,22,0.6532776405350027,0.04741167633099762
train,1707776063150703232,159417267,25,0.654626725249241,0.04743523235883542
train,1707776063150703232,159417267,26,0.6437662094055477,0.047246243956139224
train,1707776063150703232,159417267,40,0.6472818425486642,0.04730725954796554
train,1707776063150703232,159417267,41,0.6528948739499468,0.04740499706113344
train,1709237387119629696,367739339,14,0.8817127984908355,0.05169688267171173
train,1709237387119629696,367739339,15,0.8856099381635774,0.05177473162906248
train,1709237387119629696,367739339,18,0.8072118676219511,0.05023745448542093
train,1709237387119629696,367739339,19,0.8795407714729999,0.051653557623197066
train,1709237387119629696,367739339,21,0.8809453106433773,0.05168156854708453
train,1709237387119629696,367739339,25,0.8830000307684203,0.05172258023959438
train,1709237387119629696,367739339,26,0.884269620014871,0.05174794114048605
train,1709237387119629696,367739339,40,0.8844699233705309,0.05175194374376491
train,1709237387119629696,367739339,41,0.885670500726464,0.05177594256837772
train,1709319506894600320,367753954,14,1.567654484079981,0.06714719055058084
train,1709319506894600320,367753954,15,1.5672643373043507,0.06713763207225962
train,1709319506894600320,367753954,18,1.5611212311820029,0.06698721590799289
train,1709319506894600320,367753954,19,0.942607311697339,0.05292954642361814
train,1709319506894600320,367753954,20,0.9437118754952711,0.05295221897576262
train,1709319506894600320,367753954,21,1.5674370323623505,0.06714186296686284
train,1709319506894600320,367753954,25,1.5681199473259577,0.06715859513152328
train,1709319506894600320,367753954,26,0.9400164653896956,0.05287640888308403
train,1709319506894600320,367753954,40,1.5842319036665446,0.06755394447301054
train,1709319506894600320,367753954,41,0.9360003659754406,0.052794158815560294
train,1714869424978615168,219463788,15,0.454752912291579,0.044210576782370406
train,1819430923498876288,396938901,14,0.9253646937959294,0.052577042995202015
train,2051659014923651584,137829722,14,1.3608536457786187,0.062181636782819995
train,2051659014923651584,137829722,40,1.34988247799695,0.06192433462694816
train,2051659014923651584,137829722,41,1.3512574929221133,0.06195654561345263
train,2051696565812457984,137307660,14,0.8576718177597831,0.05121988906436883
train,2051696565812457984,137307660,40,0.8844699641989413,0.05175194455966618
train,2051696565812457984,137307660,41,0.8668218737166764,0.051400770496008746
train,2051696570113904768,137307660,14,0.7939959307580393,0.04998448275494914
train,2051696570113904768,137307660,40,0.9877299841295748,0.0538644660415026
train,2051696570113904768,137307660,41,0.8668218737166764,0.051400770496008746
train,2051696844991557632,137307569,14,0.788554345725484,0.04988086033293921
train,2051696844991557632,137307569,40,0.7184247426729393,0.048574415479442065
train,2051696844991557632,137307569,41,0.7158289534448519,0.04852712292596912
train,2051721274766497920,137545849,14,1.2933120180050635,0.0606084634061865
train,2051721274766497920,137545849,40,1.2877226450478028,0.060479464941422846
train,2051721274766497920,137545849,41,1.2946351478201792,0.060639027504315476
train,2051834249585222400,137546777,14,0.8567941325056432,0.05120258195403356
train,2051834249585222400,137546777,40,0.7836567939867258,0.0497878681219561
train,2051834249585222400,137546777,41,0.8542391303606909,0.05115224309548442
train,2051900804400112384,137348395,14,0.857579068820042,0.05121805978513743
train,2051900804400112384,137348395,40,0.8548190317835838,0.05116366269534294
train,2051900804400112384,137348395,41,0.8542391303606909,0.05115224309548442
train,2052238251391402368,138037577,14,1.6735165785549664,0.06976448728475229
train,2052238251391402368,138037577,40,1.3410943233954462,0.06171871402953124
train,2052238251391402368,138037577,41,1.678408820177733,0.06988653843115675
train,2052323326105334528,137687673,14,0.9815135283626204,0.05373461772982664
train,2052323326105334528,137687673,40,0.9852831344111566,0.05381331739674342
train,2052323326105334528,137687673,41,0.9863579355985372,0.05383577864505616
train,2052368096845317120,138040846,14,0.8817380116770388,0.05169738586075978
train,2052368096845317120,138040846,40,0.879986437085988,0.051662443542115036
train,2052368096845317120,138040846,41,0.8856959887506544,0.051776452208052125
train,2052588170964686848,122672432,14,1.1249408335981441,0.05680988234961407
train,2052588170964686848,122672432,40,1.1276076100048724,0.05686854995170933
train,2052588170964686848,122672432,41,1.1247681125143765,0.05680608435270164
train,2052831712788991872,122376726,14,0.941633432281876,0.052909565378327326
train,2052831712788991872,122376726,40,0.9378416425465845,0.052831850325627976
train,2052831712788991872,122376726,41,0.9360269621745958,0.05279470303089195
train,2052866824139375488,122605615,40,0.4219154720455316,0.043736215241501675
train,2053196780711660416,137762597,14,2.334558757704297,0.08693696827575426
train,2053196780711660416,137762597,40,2.3314356669058833,0.0868532415661359
train,2053196780711660416,137762597,41,2.3327114746889723,0.08688744222154442
train,2053521244019656960,137628722,40,0.7302851929546568,0.048791488488109436
train,2053521244019656960,137628722,41,0.7284115808209304,0.04875708983748564
train,2062410894307776128,312373133,14,2.4469090140120633,0.08996161691184262
train,2062410894307776128,312373133,41,2.445898675552235,0.08993431098097401
train,2067559774121081472,13877853,14,0.9642275386551826,0.05337529372197778
train,2073466694202494592,170644380,14,0.7133460206740962,0.048481959630465914
train,2073466694202494592,170644380,15,0.675878853848986,0.04780927120836837
train,2073466694202494592,170644380,41,0.7095168217271961,0.04841244907608058
train,2073540567637389184,171878124,41,0.583692049710889,0.046228136790838946
train,2073564859962445312,171025934,14,0.36283524388023614,0.04292614510039283
train,2073564859962445312,171025934,15,0.35485142915820045,0.0428210918986223
train,2073564859962445312,171025934,41,0.3572074600815359,0.042851981627942584
train,2073564859977073536,171025934,14,0.36184267514808854,0.0429130263062645
train,2073564859977073536,171025934,41,0.3572074600815359,0.042851981627942584
train,2073593412917417600,171502734,41,0.8227591165418724,0.05053738637022808
train,2073604304954562560,171503646,14,1.5925991935541444,0.06775969958980135
train,2073604304954562560,171503646,15,1.5472390065811186,0.06664791933149053
train,2073604304954562560,171503646,41,1.5965814644421619,0.06785773021197297
train,2073611825425479424,171098796,14,1.128174932158038,0.05688103734173663
train,2073611825425479424,171098796,41,1.1247385693810097,0.05680543474470087
train,2073611829737653760,171098797,14,1.1284683383831313,0.056887496447854805
train,2073611829737653760,171098797,41,1.1247385693810097,0.05680543474470087
train,2073642409897200512,169812876,14,1.5177691362877574,0.0659305205334627
train,2073648319772216064,169183754,14,2.8584743289771923,0.10122230544472176
train,2073670030819725696,169931064,14,0.7382893730962252,0.04893889161922236
train,2073770365564090752,170345837,14,0.9378361924732574,0.052831738715913776
train,2073770365564090752,170345837,41,0.9926225587638873,0.05396689195694077
train,2073784757981042176,170237989,14,0.6163332771138353,0.04677551402916223
train,2073784757981042176,170237989,15,0.624845356629552,0.04692054591233455
train,2073805481213976704,171029896,14,0.8942924656384297,0.051948693737775706
train,2073805481213976704,171029896,15,1.14286961476645,0.057205286872830906
train,2073889731294852096,170651854,14,1.0999679832170959,0.056263010297457464
train,2073889731294852096,170651854,15,0.8920666394214882,0.0519040291141434
train,2073889731294852096,170651854,41,1.0995736149777482,0.05625441103561842
train,2075053564354495104,172373195,14,1.3281879796091867,0.06141752879583596
train,2075053564354495104,172373195,41,1.4015530678168855,0.06314187595603586
train,2075064868708645888,172374338,14,0.6156414980644707,0.0467637683637076
train,2075133274638197248,171972661,41,0.3886636530856127,0.04327327961860502
train,2075399979234423808,170653927,14,1.0189020009536247,0.054520477177115494
train,2075399979234423808,170653927,15,1.020683549854802,0.05455821250646626
train,2075399979234423808,170653927,41,1.0177875131671485,0.054496884193458564
train,2076059033370079488,240193109,14,1.0500811893824564,0.05518459050380541
train,2076059033370079488,240193109,15,1.0528377774631303,0.055243678561941824
train,2076059033370079488,240193109,41,1.0492435654738101,0.05516664771934741
train,2076063568855737728,184998207,14,1.7125537974909864,0.07074094523116559
train,2076063568855737728,184998207,15,1.7232443942046443,0.07100936003007464
train,2076065836598553728,185058275,14,0.6073367136930486,0.04662324759426793
train,2076093839785816832,269264193,14,0.9877228125247934,0.053864316052890465
train,2076093839785816832,269264193,15,0.9949601677681392,0.05401590107656364
train,2076093839785816832,269264193,41,0.9863311861655335,0.05383521951495158
train,2076124282514628224,239291295,14,1.3369297229277062,0.06162142471339018
train,2076124282514628224,239291295,15,1.329364134894755,0.061444936551697714
train,2076124282514628224,239291295,41,1.3386405102918828,0.06166137858766525
train,2076166471964184320,139105192,14,0.607336772880048,0.04662324859253439
train,2076166471964184320,139105192,41,0.7347030684788298,0.04887275708043189
train,2076168881454688384,184086742,14,0.2281162186278708,0.04130279440848064
train,2076222650140682112,184088651,14,0.4140257916085479,0.04362476783557697
train,2076222650140682112,184088651,41,0.3257639094093052,0.042447510966560166
train,2076452452373187712,138803542,14,1.2620997739609348,0.05989052308779329
train,2076452452373187712,138803542,40,1.2648852744479775,0.05995435368827037
train,2076452452373187712,138803542,41,1.2694696611082084,0.060059510153043325
train,2076668128451839232,138967732,14,1.0999678908685866,0.056263008283648094
train,2076668128451839232,138967732,15,1.0914228505931245,0.05607694241269127
train,2076668128451839232,138967732,40,1.0979567832693828,0.056219167876449865
train,2076668128451839232,138967732,41,1.0933110958373704,0.05611801137519341
train,2076726333848209664,1880557845,14,0.9939587354230477,0.05399489992180279
train,2076726333848209664,1880557845,15,1.001391013289805,0.0541509636611577
train,2076726333848209664,1880557845,41,0.9926493072765301,0.053967452492225086
train,2076726333851932288,1880557845,15,1.0000561989043177,0.054122901003552826
train,2076726333851932288,1880557845,41,0.9926493072765301,0.053967452492225086
train,2076771512601643648,169178918,14,2.808587624132934,0.09984421289628616
train,2076771512601643648,169178918,15,2.8148894503995274,0.10001811726246557
train,2076827695078498560,184427070,14,0.6260442267503478,0.04694104759056543
train,2076827695078498560,184427070,41,0.6214583782749615,0.04686272549482127
train,2076948396534532864,169175272,14,0.9156610240807768,0.05237985269062883
train,2076948396534532864,169175272,15,0.9280669577920624,0.05263210955553868
train,2076948396534532864,169175272,41,0.9171275689264291,0.0524095991853223
train,2077042924477425536,184562667,14,2.1475886220773264,0.08196131995765038
train,2077042924477425536,184562667,15,1.5538647304040523,0.06680975235220643
train,2077192870375132544,272945322,14,1.0563170270682227,0.05531834229009822
train,2077192870375132544,272945322,15,1.0217201149520434,0.054580180115849926
train,2077192870375132544,272945322,41,1.068117279266293,0.05557227606100958
train,2077423527299215104,138429503,41,0.9674836768661841,0.053442781562077254
train,2077458638644980096,377913701,14,1.2745713460700432,0.06017668352786457
train,2077458638644980096,1880824541,15,1.2699976995285103,0.06007163054711554
train,2077458638644980096,377913701,40,1.2758623914861857,0.06020636085936391
train,2077514065208914432,1880842233,14,0.7839080702417358,0.049792632969755266
train,2077514065208914432,1880842233,15,0.7813753096010274,0.049744636331541546
train,2077514065208914432,1880842233,40,0.7829229699076294,0.049773956801912524
train,2077514065208914432,1880842233,41,0.7850339193579641,0.04981399030230339
train,2077609688358995840,138220675,14,1.2791823192726806,0.06028272267406159
train,2077609688358995840,138220675,15,1.2737251212341951,0.06015723681112553
train,2077609688358995840,138220675,41,1.2757608533455904,0.0602040264295858
train,2077614258204482304,138429856,14,0.6100779465995932,0.04666953117776632
train,2077614258204482304,138429856,15,0.6155402819898641,0.04676205034350705
train,2077614258204482304,138429856,40,0.6116814541434547,0.04669665059784586
train,2077614258204482304,138429856,41,0.6654978713353372,0.04762587272895018
train,2077685138042957056,275568537,14,0.9066569226098313,0.05219765509026938
train,2077685138042957056,275568537,15,0.9013177522106774,0.05208997359125582
train,2077685138042957056,275568537,40,0.7421455668357768,0.049010165412417254
train,2077685138042957056,275568537,41,0.9045699673805909,0.05215553322222225
train,2077696274900201216,63371358,40,0.7124946321329764,0.04846648980223004
train,2077810722886390016,240184260,40,0.4574965936888922,0.04425096757865632
train,2077861373434491520,1880937035,40,1.681846969065646,0.0699723686608911
train,2077861373434491520,1880937035,41,1.6846999650019456,0.07004362581424917
train,2077861373442646528,1880937035,14,1.6829386342903445,0.06999963065518167
train,2077861373442646528,1880937035,15,1.689491484108033,0.07016337061162133
train,2077861373442646528,1880937035,40,1.6853823508689245,0.07006067391397264
train,2077861373442646528,1880937035,41,1.6846999650019456,0.07004362581424917
train,2077968953785653120,271347372,14,1.1941041925688347,0.05834761033085468
train,2077968953785653120,271347372,15,1.2007472244614412,0.05849702823484214
train,2077968953785653120,271347372,40,1.1869095873777844,0.05818611844630332
train,2077985167275798528,271261905,14,1.1560904300404833,0.05749832179115477
train,2077985167275798528,271261905,15,1.0978536961147902,0.056216921477924536
train,2077985167275798528,271261905,40,1.0979567832693828,0.056219167876449865
train,2077985167275798528,271261905,41,1.149933434374404,0.05736170127941831
train,2077987778615911936,271261509,14,0.3723773425514759,0.04305310320952271
train,2077987778615911936,271261509,40,0.3685437895804906,0.04300191508691963
train,2078031312404397184,271957866,14,1.0313736763251573,0.054785184360737385
train,2078031312404397184,271957866,15,1.0335452408981334,0.05483140378292821
train,2078091824208733568,271348720,15,0.8727741028564913,0.05151887544320864
train,2078091824208733568,271348720,40,0.8844700534092191,0.05175194634241456
train,2078091824208733568,271348720,41,0.9297354511748284,0.05266614316902832
train,2078179471596942848,271047903,14,0.4452049338631249,0.044070919456706596
train,2078179471596942848,271047903,40,0.4456362198077719,0.04407719748910745
train,2078179471596942848,271047903,41,0.45788263003288,0.04425665981752762
train,2078403844991454976,270858181,14,1.1935054561550813,0.05833415772942231
train,2078403844991454976,270858181,15,1.265055679678098,0.059958260127152455
train,2078403844991454976,270858181,40,1.2640020176050655,0.059934108411635066
train,2078403844991454976,270858181,41,1.2568867404999124,0.059771193585078
train,2078524378959575040,273510151,14,1.555184041929527,0.06684199982111881
train,2078524378959575040,273510151,15,1.5544437281530539,0.06682390363913514
train,2078524378959575040,273510151,41,1.5525425999400237,0.06677744374263928
train,2078745170333556736,273140208,41,2.521393241287484,0.0919796743802952
train,2078776368971181568,272487208,14,0.39635672673823275,0.043378796032626586
train,2078776368971181568,272487208,41,0.38866358273690504,0.043273278658134205
train,2078942571333388544,273038330,41,1.055534803404638,0.05530154771455162
train,2078991671397714944,268484415,14,1.4844480670514701,0.06512421618596419
train,2078991671397714944,268484415,15,1.4772735818930656,0.0649512982342781
train,2078991671397714944,268484415,41,1.4770477447700918,0.06494585918685732
train,2079011771845050240,268823985,14,1.2442245547079405,0.05948205296824369
train,2079011771845050240,268823985,15,1.2530949096063955,0.05968450219154512
train,2079023621649972608,268821872,14,0.9344122197186253,0.05276167349104245
train,2079023621649972608,268821872,15,0.9390231614338853,0.05285605244437014
train,2079023621649972608,268821872,41,2.540266955079968,0.0924925600765993
train,2079056950597867776,268159058,14,0.7632326558372065,0.049402858839860904
train,2079056950597867776,268159058,15,0.7634497289881748,0.0494069268975619
train,2079056950597867776,268159058,41,0.615148148246701,0.04675539560249761
train,2079077020989316608,273787059,41,2.6723829516273483,0.09609893261998091
train,2079160064173143040,269267602,14,0.7819401688945051,0.04975533462099721
train,2079160064173143040,269267602,15,0.5898168999032014,0.046329772987182286
train,2079160064173143040,269267602,41,0.5899831965233904,0.046332539512515994
train,2079205423330390912,268308365,14,0.41402574543429327,0.043624767186233225
train,2079205423330390912,268308365,15,0.3775989976882339,0.0431232187085675
train,2079205423330390912,268308365,41,0.3697898689444221,0.043018526728008516
train,2079314373754552832,273581250,14,1.2944959590952705,0.06063581177577966
train,2079314373754552832,273581250,15,1.3216098869604271,0.06126438679168621
train,2079314373754552832,273581250,41,1.300893082706917,0.060783725601259615
train,2079322693116139520,273688556,14,0.632280064436114,0.047047982137689785
train,2079322693116139520,273688556,15,0.6284019730331953,0.04698142072652847
train,2079322693116139520,273688556,41,0.6277306241083563,0.04696991756321382
train,2079548058638489984,272270418,15,0.5222593851026958,0.04523711814087705
train,2079564276434979328,272175501,15,0.7038323616549395,0.048309576501563326
train,2079602445802257024,272272212,15,0.5255084446865446,0.045288208006846575
train,2079633614388061568,271542522,14,1.474118152014565,0.0648753254421006
train,2079633614388061568,271542522,15,1.4772735818930656,0.0649512982342781
train,2079633614388061568,271542522,40,1.471558560524669,0.0648137340564737
train,2079732295556849536,272368354,14,1.2620996706985106,0.05989052072238959
train,2079732295556849536,272368354,15,1.2586248341564323,0.059810960908721116
train,2079732295556849536,272368354,41,1.2631456551219509,0.05991448417118991
train,2079912164482903168,270857631,41,0.5962927909011847,0.046437778155726306
train,2080019680407282560,271663453,41,4.761073944662134,0.15535664143533706
train,2080053967124107008,271164241,15,0.4518177808301538,0.04416749542334615
train,2080053967124107008,271164241,40,0.45156640674833204,0.04416381195344812
train,2080064515564300160,271164883,14,0.6836517158032673,0.04794744924239347
train,2080064515564300160,271164883,15,0.6669870461631895,0.047652100761604824
train,2080064515564300160,271164883,40,0.7421455668357768,0.049010165412417254
train,2080188970838648320,272275448,14,0.7569968181514402,0.04928621786152161
train,2080188970838648320,272275448,41,0.7724290965173928,0.04957565695613968
train,2080243431023565440,273370901,14,0.5948650383215162,0.04641391820416648
train,2080243431023565440,273370901,15,0.6476945095981925,0.04731443175295072
train,2080243431023565440,273370901,41,0.5836919585925627,0.04622813528255091
train,2080245389528544256,273132928,14,0.9565436240959617,0.05321640128521089
train,2080245389528544256,273132928,15,1.0464069319414648,0.05510592522333943
train,2080245389528544256,273132928,41,1.0492435654738101,0.05516664771934741
train,2080248069588251392,273132568,14,1.4081347317063984,0.06329798992566707
train,2080248069588251392,273132568,15,1.401444266107121,0.0631392971424984
train,2080248069588251392,273132568,41,1.4078441275309874,0.06329109214141261
train,2080535488799030784,272363591,14,1.6362499318444892,0.06883786535312632
train,2080535488799030784,272363591,15,1.5994596468047138,0.06792862364689689
train,2080535488799030784,272363591,41,1.6343286930407834,0.0687902454799534
train,2080635028962321792,272079853,14,2.016636030676233,0.07852575087316704
train,2080635028962321792,272079853,15,2.012864509492415,0.07842747146961479
train,2080635028962321792,272079853,40,2.023065945996758,0.07869339319273648
train,2080635028962321792,272079853,41,2.018094206821271,0.07856375890003314
train,2082080916808675456,185110236,14,1.8295609001032445,0.07370098106950516
train,2082080916808675456,185110236,15,1.8309700855846784,0.07373691825368886
train,2082080916808675456,185110236,41,1.8293570688964411,0.0736957834904784
train,2082093836070298624,239307298,14,0.850402827545093,0.05107678142127948
train,2082093836070298624,239307298,15,0.8551787902429906,0.051170748844225226
train,2082093836070298624,239307298,41,0.6340218620391841,0.04707793973108307
train,2082127890877545344,184947688,14,0.900421084924065,0.05207191559335476
train,2082127890877545344,184947688,15,0.9003761541540805,0.052071010930330314
train,2082127890877545344,184947688,41,0.9045450930647738,0.05215503141896773
train,2082193243101521792,184945967,14,0.3953182323769945,0.04336449601776121
train,2082193243101521792,184945967,15,1.0721303140281275,0.0556588797728785
train,2082193243101521792,184945967,41,0.40124605859856044,0.04344635692423676
train,2085685974921377408,268382348,14,1.8440171228768245,0.07406995560443193
train,2085685974921377408,268382348,15,1.9549404864348607,0.07692307006752613
train,2085685974921377408,268382348,41,1.8419395447580962,0.07401688619284906
train,2086292943999856896,273590715,15,0.15895024995160068,0.04059965127181801
train,2086292943999856896,273590715,41,0.15588777929628134,0.0405706742747157
train,2086428527530646528,28230433,14,0.7008742789795434,0.04825619374124356
train,2086428527530646528,28230433,15,0.6991412737715179,0.04822496715239823
train,2086428527530646528,28230433,41,0.6969342413474608,0.048185250581296406
train,2086480204574750336,416528982,15,-0.2719164,0.03850000009024541
train,2086480204574750336,416528982,41,1.69724107234906,0.07035722676843853
train,2086614379351811456,27987781,14,1.4989736357688097,0.06547506273673816
train,2086614379351811456,27987781,15,1.499404766991056,0.06548549146580643
train,2086614379351811456,27987781,41,1.5022126964934024,0.0655534345434215
train,2086833182165544064,28085296,14,1.2066342831036112,0.05862968677480737
train,2086833182165544064,28085296,15,0.7586704607947958,0.049317481106790774
train,2086833182165544064,28085296,41,1.3071843206377445,0.06092942673651059
train,2087161901781063296,28227489,14,1.0189020009536247,0.054520477177115494
train,2087161901781063296,28227489,15,0.9563750946381451,0.0532129221382507
train,2087161901781063296,28227489,41,1.074408517197121,0.05570809990067006
train,2087208661083502720,28085220,14,1.4196458221948098,0.063571570839387
train,2087208661083502720,28085220,15,1.4492567793420381,0.06427844647293278
train,2087208661083502720,28085220,41,1.4581740309776086,0.06449218402648862
train,2087249347315404800,28159482,15,1.2586248341564323,0.059810960908721116
train,2087249347315404800,28159482,41,1.2442719413294678,0.0594831331668886
train,2087255772587918592,28226363,14,0.4202615831200597,0.04371277091674852
train,2087255772587918592,28226363,15,0.4290457618615593,0.043837784340245003
train,2087255772587918592,28226363,41,0.42011977239104337,0.04371076273073889
train,2099157985956712832,121022391,40,0.38040411313786426,0.04316107155068742
train,2099157985956712832,121022391,41,0.2754329359853638,0.041835948842353
train,2099374383590692480,121546698,14,0.9066818908484342,0.05219815928034027
train,2099374383590692480,121546698,40,0.8904001506820127,0.051870619194342465
train,2099374383590692480,121546698,41,0.8919873604286472,0.051902439124773124
train,2099533018203380992,121395525,14,0.37662445845628123,0.04311009848762504
train,2099533018203380992,121395525,40,0.38040411313786426,0.04316107155068742
train,2099533018203380992,121395525,41,0.37609488283324677,0.04310297539967006
train,2099557349195053312,121456804,14,0.6135913105845379,0.046728994831938986
train,2099557349195053312,121456804,40,0.6118990766175174,0.046700333732200304
train,2099639331532543872,121394030,14,1.51780679353349,0.06593143470581535
train,2099639331532543872,121394030,40,1.0327247269232216,0.054813935561217456
train,2099639331532543872,121394030,41,1.0115232735060993,0.05436446395688423
train,2099670839410837376,121547695,14,0.44522012617761864,0.04407114055534705
train,2099670839410837376,121547695,40,0.4456362198077719,0.04407719748910745
train,2099670839410837376,121547695,41,0.4452998881357614,0.04407230141542509
train,2099923727086381952,120571705,40,0.52272858873158,0.04524448681142379
train,2100311781672703744,399819965,26,0.7406809470421694,0.04898307517453453
train,2100311781672703744,399819965,40,0.3512136662293385,0.04277358160170352
train,2100311781672703744,399819965,41,0.7409943227180489,0.04898886947275589
train,2100480801523205760,121107347,14,0.7570185370488705,0.049286623366857116
train,2100480801523205760,121107347,40,0.7540059407168971,0.049230426253565544
train,2100480801523205760,121107347,41,0.7472856936666084,0.04910543027570213
train,2100576248579048832,121460813,40,1.5360631824920383,0.06637539643966908
train,2100576248579048832,121460813,41,1.533707062236522,0.06631801438492647
train,2100963693288639360,122071687,14,0.6260632501702356,0.04694137305542017
train,2100963693288639360,122071687,40,0.6294720149651349,0.04699976716399834
train,2100963693288639360,122071687,41,0.6277496456439814,0.04697024340653724
train,2101137450486311680,122596398,14,1.423300004512889,0.06365856216389829
train,2101137450486311680,122596398,40,1.4223599958521842,0.06363617778761478
train,2101137450486311680,122596398,41,1.4204623851624545,0.06359100393873479
train,2101296879671158272,121788685,14,1.6799419957351303,0.06992480709009413
train,2101296879671158272,121788685,40,1.6791151034442726,0.06990416640344344
train,2101296879671158272,121788685,41,1.6846999650019456,0.07004362581424917
train,2101352881747036416,122069994,14,0.9503335858277493,0.05308836574083787
train,2101352881747036416,122069994,40,0.9497021097553802,0.053075365370240435
train,2101352881747036416,122069994,41,0.9486095640205063,0.0530528811834377
train,2101465787846449152,122137266,14,1.2621320516001342,0.05989126246594441
train,2101465787846449152,122137266,40,1.2640020176050655,0.059934108411635066
train,2101465787846449152,122137266,41,1.2631781114484717,0.05991522785184584
train,2101497609263219968,122713098,40,0.4227710032135813,0.04374835964025523
train,2101565469747160448,122707782,41,1.4141710142138955,0.06344136679050594
train,2101572547847899648,1882281533,14,1.334477062998325,0.06156417401570648
train,2101572547847899648,1882281533,40,1.3351790402811299,0.061580556286069205
train,2101572547853286528,1882281533,14,1.339492144462196,0.0616812738959684
train,2101572547853286528,1882281533,40,1.3399534634239791,0.061692052632091175
train,2101574403280868608,122711906,14,0.3691334599644551,0.043009772832868824
train,2101574403280868608,122711906,40,0.37447397652105074,0.04308120216314962
train,2101574403280868608,122711906,41,0.3823861786501682,0.043187896210101724
train,2101587803577639808,122597780,41,0.22510190493618548,0.041270240148587316
train,2101651025494671232,137341192,14,3.0082034599254905,0.10537709150567445
train,2101651025494671232,137341192,40,3.007476978129735,0.10535686874917322
train,2101670954143339904,137557837,40,0.9437719228148203,0.05295345183431678
train,2101670954143339904,137557837,41,0.9423181930719469,0.05292361370295969
train,2101711734850001920,137211158,41,1.149933434374404,0.05736170127941831
train,2102116840467543296,121731988,14,1.2122442970765526,0.05875631454250682
train,2102116840467543296,121731988,41,1.2002644019628785,0.05848615851057542
train,2102134673170832768,121464566,40,2.1298093109268406,0.08149233302807175
train,2102134673170832768,121464566,41,2.1250959314010975,0.08136813166034837
train,2102321246551265920,158794318,40,0.4574965936888922,0.04425096757865632
train,2102391512214758144,121331677,14,1.000221340351331,0.05412637207092732
train,2102391512214758144,121331677,40,0.997143605279861,0.05406171942972988
train,2102391512214758144,121331677,41,0.8668217416892352,0.05140076788012869
train,2102454905930382976,1716246411,40,0.5515198454914234,0.04570261227291439
train,2102454905932625024,1716246411,40,0.5820305194406542,0.04620065189449584
train,2102474731501552128,158388330,14,0.7445465984179751,0.04905462816136807
train,2102474731501552128,158388330,40,0.7540059407168971,0.049230426253565544
train,2102474731501552128,158388330,41,0.7535770646151676,0.049222434169130365
train,2102522663336348672,158724028,14,1.2995478674928205,0.06075260151797632
train,2102522663336348672,158724028,40,1.2936529523078661,0.06061633794067865
train,2102522663336348672,158724028,41,1.2946349661912684,0.0606390233080006
train,2102539190370444800,158721722,14,1.6986499036814733,0.07039249333081173
train,2102539190370444800,158721722,40,1.6969056642659528,0.07034883178036772
train,2102539190370444800,158721722,41,1.6972827068990644,0.07035826887681002
train,2102698447758890880,158926506,14,0.7881983836261091,0.04987409285595604
train,2102698447758890880,158926506,40,0.7777266884791374,0.049675615258217724
train,2102698447758890880,158926506,41,0.7850339193579641,0.04981399030230339
train,2102738167617275648,158991754,40,1.0860964093882626,0.055961237988550405
train,2102809464073504768,159306583,40,0.6870954976206372,0.04800890192021929
train,2102809979469612928,159306495,14,1.644014854812417,0.06903047942269236
train,2102809979469612928,159306495,40,2.0414262988865755,0.07917270537971265
train,2102809979469612928,159306495,41,1.6406603683620307,0.06894723923088063
train,2102910035026102144,158792216,14,1.7157550934678885,0.07082127729620415
train,2102910035026102144,158792216,40,1.708766038147073,0.07064594625671977
train,2102910035026102144,158792216,41,1.709865448796183,0.07067351450150208
train,2102915429505046272,158791981,14,1.1498846039220756,0.057360618818829964
train,2102915429505046272,158791981,40,1.1453982787938637,0.05726123871903446
train,2102915429505046272,158791981,41,1.149933434374404,0.05736170127941831
train,2102933021691385344,158720624,14,0.7196027211561843,0.04859590273075148
train,2102933021691385344,158720624,40,0.7124946321329764,0.04846648980223004
train,2102933021691385344,158720624,41,0.7158288389238117,0.04852712084123854
train,2102975662126537344,158556023,14,0.7196027211561843,0.04859590273075148
train,2102975662126537344,158556023,40,0.7184248190735365,0.0485744168725287
train,2102975662126537344,158556023,41,0.7158288389238117,0.04852712084123854
train,2102981262764034048,158635015,14,0.5891014895104144,0.04631787556117201
train,2102981262764034048,158635015,40,0.33889285487769005,0.042614337635064815
train,2102981262764034048,158635015,41,0.3320552110616938,0.04252708254716161
train,2103935398338676992,121015760,14,2.0416282160310972,0.07917798162919717
train,2103935398338676992,121015760,40,2.0467866937589987,0.07931281345916469
train,2103935398338676992,121015760,41,2.0433081090698266,0.07922188273850297
train,2104789512713528192,123451461,14,0.8853346510512341,0.05176922774629235
train,2104789512713528192,123451461,26,0.532681012230547,0.04540152573314398
train,2104789512713528192,123451461,40,0.5286588369756133,0.045337890233422114
train,2104789512713528192,123451461,41,0.5270877104670324,0.04531309562415541
train,2104868230874546944,123363153,14,0.601119304162678,0.04651863618640019
train,2104868230874546944,123363153,26,0.600867233606017,0.046514405671269965
train,2104868230874546944,123363153,40,0.997143605279861,0.05406171942972988
train,2105235605198371328,123416199,40,0.5227286500350532,0.04524448777437819
train,2105235605198371328,123416199,41,0.5270877104670324,0.04531309562415541
train,2105269312100947072,123450313,14,1.2995478674928205,0.06075260151797632
train,2105269312100947072,123450313,26,1.3222867216075875,0.0612801324339432
train,2105269312100947072,123450313,40,1.3233038870106666,0.06130380037265166
train,2105269312100947072,123450313,41,1.3198004499855054,0.0612223056609689
train,2105415031750837376,123449345,14,1.6072394318511967,0.06812042504677554
train,2105415031750837376,123449345,26,1.5474706837250014,0.06665357472778986
train,2105415031750837376,123449345,40,1.5842321123953111,0.06755394960199397
train,2105995535233017344,164831316,14,0.4514560405919332,0.044162195027794546
train,2105995535233017344,164831316,26,0.44849508553988626,0.04411888543193022
train,2105995535233017344,164831316,40,0.45156640674833204,0.04416381195344812
train,2105995535233017344,164831316,41,0.45159125908432074,0.0441641760798673
train,2106281893589912576,158171489,14,0.7179816456065538,0.04856633719405778
train,2106281893589912576,158171489,26,0.7245406080364782,0.04868614781884455
train,2106281893589912576,158171489,40,0.7184248190735365,0.0485744168725287
train,2106281893589912576,158171489,41,0.7221202098723709,0.048641877399682135
train,2107554372139646208,164656755,14,1.2332912921487191,0.059233204152094744
train,2107554372139646208,164656755,26,1.2362347472984536,0.059300124679130296
train,2107554372139646208,164656755,40,1.157258652674984,0.0575242739336002
train,2107554372139646208,164656755,41,1.2317212567056752,0.05919753141021937
train,2107602681932036864,164525449,14,0.6260631814244687,0.0469413718792652
train,2107602681932036864,164525449,26,0.6235483437084568,0.04689838668125458
train,2107602681932036864,164525449,40,0.6266403165661147,0.0469512480806571
train,2107602681932036864,164525449,41,0.6277496456439814,0.04697024340653724
train,2116745464715053184,123231861,14,1.0251652176131216,0.05465325400726582
train,2116745464715053184,123231861,26,1.0178990302604887,0.054499244480211435
train,2116745464715053184,123231861,40,1.0208643530421013,0.05456204358236967
train,2116745464715053184,123231861,41,1.0178146444546585,0.054497458424467765
train,2119528122485182720,351898076,26,0.845731325230104,0.05098508876882404
train,2119528122485182720,351898076,41,0.7724511774608454,0.04957607296093895
train,2125677794097514368,383621507,14,1.374379032115943,0.06249975441056404
train,2125677794097514368,383621507,17,0.3665753486958798,0.04297572630439988
train,2125677794097514368,383621507,18,0.3495254072837537,0.042751608528812546
train,2125677794097514368,383621507,21,0.34937245181310805,0.04274962016632429
train,2125677794097514368,383621507,22,0.3475025180809397,0.04272534385064755
train,2125677794097514368,383621507,24,0.34494176298638635,0.0426921954177336
train,2125677794097514368,383621507,25,1.3723358889025785,0.06245163553826813
train,2125677794097514368,383621507,40,0.35669660802539527,0.04284527594206011
train,2125677794097514368,383621507,41,0.40126007486826487,0.04344655115763656
train,2125854639377257600,63373061,14,0.6821667659222445,0.04792099497916693
train,2125854639377257600,63373061,15,0.679848737206521,0.04787975259105307
train,2125854639377257600,63373061,40,0.6828436974301759,0.047933051168241654
train,2125854639377257600,63373061,41,0.6780806132324558,0.04784833772874745
train,2125860106874705792,63368466,15,2.178235743754625,0.08277151629868564
train,2125860106874705792,63368466,40,2.1713206195107606,0.08258851190905056
train,2125860106874705792,63368466,41,2.1754268989895715,0.08269716847633751
train,2126199237491968896,159649380,40,1.602022673216991,0.06799178386595009
train,2126205662763117312,159649251,15,1.716636366967032,0.07084339834602844
train,2126205662763117312,159649251,40,1.7146962250876332,0.07079470222949452
train,2126205662763117312,159649251,41,1.709865448796183,0.07067351450150208
train,2126230367415218688,159720842,15,1.2907790617647608,0.060549981590402556
train,2126230367415218688,159720842,40,1.2936529523078661,0.06061633794067865
train,2126230367415218688,159720842,41,1.288343595242709,0.06049378677721801
train,2126444943981104000,270615564,15,0.11642368445360429,0.04021406207840668
train,2126444943981104000,270615564,40,0.14319668583920686,0.04045258025436388
train,2126444943981104000,270615564,41,0.11814859881067724,0.040228991582774584
train,2126551081212081792,63075383,14,0.8442985457521683,0.05095700973104506
train,2126551081212081792,63075383,40,0.8014474362413779,0.05012688894604842
train,2126551081212081792,63075383,41,0.8479476288435572,0.05102856342922076
train,2126584169640287360,63127104,14,2.4032579483915635,0.08878359797132163
train,2126584169640287360,63127104,15,2.544793938489569,0.09261566816511733
train,2126584169640287360,63127104,40,2.396667723252045,0.08860605649162294
train,2127067542439425536,159108460,14,1.3556715913318498,0.062060021049616915
train,2127067542439425536,159108460,15,1.3550875169814176,0.06204632294539922
train,2127067542439425536,159108460,40,1.352954821713467,0.06199632162855897
train,2127067542439425536,159108460,41,1.3638400466254208,0.06225179082883019
train,2127336201233256064,158788034,14,1.561458578741624,0.06699547167623426
train,2127336201233256064,158788034,15,1.5608745736747194,0.06698117987774557
train,2127336201233256064,158788034,40,1.55863908192996,0.0669264867317299
train,2127336201233256064,158788034,41,1.5588725460307595,0.06693219759073071
train,2127963227802024704,270856748,14,1.124911241611652,0.05680923163045732
train,2127963227802024704,270856748,15,1.207178069983107,0.058641951951573686
train,2127963227802024704,270856748,40,1.471558560524669,0.0648137340564737
train,2127963227802024704,270856748,41,1.1373506924772854,0.05708332689191707
train,2127985462851255680,270617134,14,1.5268000532767387,0.06614994348411951
train,2127985462851255680,270617134,15,1.535151191588057,0.06635318239811044
train,2127985462851255680,270617134,40,1.3944661302973878,0.06297403221229354
train,2127985462851255680,270617134,41,1.5211243203394034,0.06601199714107316
train,2128013981434347008,270788623,15,1.1837875408726493,0.05811614841249543
train,2128013981434347008,270788623,40,1.1453982787938637,0.05726123871903446
train,2128089332341211136,275575981,40,0.8281797128210309,0.050642544430958454
train,2128089332341211136,275575981,41,0.8290735159978795,0.05065991281375959
train,2128092527795597184,271042405,15,0.6669870461631895,0.047652100761604824
train,2128092527795597184,271042405,40,0.5938908933217742,0.046397654242889226
train,2128478555158221696,63204194,14,1.2371563199554454,0.059321088299327855
train,2128478555158221696,63204194,15,1.2329014520697696,0.059224345135608376
train,2128478555158221696,63204194,40,1.234351082902265,0.05925729252511566
train,2128478555158221696,63204194,41,1.2317212567056752,0.05919753141021937
train,2128588579337898240,270853434,15,0.6155402819898641,0.04676205034350705
train,2128588579337898240,270853434,41,0.615148148246701,0.04675539560249761
train,2128824527660955776,26961156,14,1.0937320531828203,0.05612717076215709
train,2128824527660955776,26961156,40,1.2758623914861857,0.06020636085936391
train,2128824527660955776,26961156,41,1.168777086159536,0.0577806634608993
train,2128825833330981376,26816524,14,0.5281357415750468,0.04532963114291575
train,2128825833330981376,26816524,15,0.5255084446865446,0.045288208006846575
train,2128825833330981376,26816524,40,0.5227286500350532,0.04524448777437819
train,2128862873129568384,26960609,14,1.6075971802164553,0.06812925102985026
train,2128862873129568384,26960609,15,1.519225416464289,0.06596587816151464
train,2128862873129568384,26960609,41,1.6091637413174729,0.06816790585646877
train,2128864178799685888,26960433,14,0.6829086635122565,0.04793420850802221
train,2128864178799685888,26960433,15,0.6787665641233535,0.04786052076545391
train,2128864178799685888,26960433,40,0.6776151387439481,0.0478400737716781
train,2128864178799685888,26960433,41,0.6780605275549777,0.04784798107681908
train,2128914618895519360,26815529,15,0.6924614763931174,0.04810493824627915
train,2128914618895519360,26815529,40,0.6709833235490557,0.04772261918493615
train,2128914618895519360,26815529,41,0.690643003416633,0.048072354048817434
train,2129237462997492352,63070019,14,1.9897649415271343,0.07782639447076962
train,2129237462997492352,63070019,15,1.974248494120712,0.07742347922354241
train,2129237462997492352,63070019,40,1.9815546374128374,0.07761311267464051
train,2129237462997492352,63070019,41,1.992977141481352,0.07790989052914878
train,2129313191860021760,417660251,14,1.124911241611652,0.05680923163045732
train,2129313191860021760,417660251,15,1.138699365712877,0.05711311057919923
train,2129313191860021760,417660251,40,1.1394680918533036,0.057130092684122835
train,2129313191860021760,417660251,41,1.1310593215287261,0.05694456177444586
train,2129485712105980544,416283965,14,0.7632326558372065,0.049402858839860904
train,2129485712105980544,416283965,15,0.7659445808017529,0.04945371879722725
train,2129485712105980544,416283965,40,0.7674022621265097,0.049481089752115785
train,2129485712105980544,416283965,41,0.7661598065122863,0.04945775863671565
train,2129560749476155648,417658451,14,0.4202615831200597,0.04371277091674852
train,2129560749476155648,417658451,15,0.4006640109136247,0.0434382938805849
train,2129560749476155648,417658451,40,0.3804041634616109,0.04316107223093173
train,2129565151820834560,290034553,40,0.6769135104896158,0.047827622136928837
train,2129801748679206144,424867442,14,0.9603735736178713,0.05329553457769765
train,2129801748679206144,424867442,15,0.961315916704186,0.053315024704895526
train,2129801748679206144,424867442,40,0.9556322966959403,0.05319759068624956
train,2129837761986272640,26656752,14,1.8545042508463097,0.07433805185159027
train,2129837761986272640,26656752,15,1.8631243131930069,0.07455868374282476
train,2129837761986272640,26656752,40,1.8570207116610755,0.07440243638819241
train,2129837761986272640,26656752,41,1.8608132585505797,0.07449950852233211
train,2129926508888852608,350810737,14,1.3331882128198673,0.06153410299286928
train,2129926508888852608,350810737,15,1.3435616822101646,0.061776400208552046
train,2129926508888852608,350810737,40,1.347024634772907,0.06185742080914248
train,2129926508888852608,350810737,41,1.2757608533455904,0.0602040264295858
train,2130884703213070464,158662338,14,0.4052513930035687,0.04350199071841671
train,2130884703213070464,158662338,26,0.34077000358999676,0.04263843221850823
train,2130884703213070464,158662338,40,0.3419166777178265,0.042653180275290824
train,2130935452546450944,299032735,14,0.6260631814244687,0.0469413718792652
train,2130935452546450944,299032735,15,0.6191100906030245,0.04682272366733202
train,2130935452546450944,299032735,41,0.6403323875411,0.04718679819956743
train,2131046808158224128,298894286,15,1.6603226886963782,0.06943579462476927
train,2131046808158224128,298894286,26,1.6806006311862234,0.0699412496867256
train,2131046808158224128,298894286,40,1.6791151034442726,0.06990416640344344
train,2131046808158224128,298894286,41,1.6846999650019456,0.07004362581424917
train,2131588906050067328,1717172682,14,1.7173578116278165,0.0708615096507216
train,2131588906050067328,1717172682,15,0.8534810861817406,0.051137320475448486
train,2131588906050067328,1717172682,40,0.8488889317658586,0.0510470427108202
train,2131588906050067328,1717172682,41,1.7224481906933016,0.07098935466085142
train,2131733865487446912,48305525,26,0.5360217146241715,0.04545455377350673
train,2131733865487446912,48305525,40,0.4634267806294522,0.044338661173484645
train,2132077398449866112,243271775,14,1.9605606149302768,0.07706861688262397
train,2132077398449866112,243271775,15,1.9298220604650906,0.07627369939292437
train,2132077398449866112,243271775,26,1.9566461424918618,0.07696723245683029
train,2132077398449866112,243271775,40,1.9405882838069044,0.07655180369940334
train,2132077398449866112,243271775,41,1.9615202867385555,0.07709347906106352
train,2132232979344782592,267570904,14,1.767245566151398,0.07211852486432141
train,2132232979344782592,267570904,15,1.7730916034616773,0.07226641143774938
train,2132232979344782592,267570904,26,1.7681272567221573,0.07214082117965254
train,2132232979344782592,267570904,40,1.768067907552674,0.07213932026331205
train,2132232979344782592,267570904,41,1.7727791582817758,0.07225850450307242
train,2132640726361129472,416282643,14,1.9407278040434892,0.07655540992847518
train,2132640726361129472,416282643,15,1.9796652767173646,0.07756405911797076
train,2132640726361129472,416282643,40,1.9819071670609707,0.07762226653869436
train,2132640726361129472,416282643,41,1.9803943995842335,0.07758298816728852
train,2132711507422620160,299159523,14,0.4327332584915923,0.043890625932146585
train,2132711507422620160,299159523,15,0.8663432573348255,0.05139128871368996
train,2132711507422620160,299159523,26,0.4215637869385551,0.04373122637921549
train,2132711507422620160,299159523,41,0.43271714623864266,0.04389039458033371
train,2132907735887231488,298834851,26,0.7312733849887836,0.04880964737780266
train,2132907735887231488,298834851,40,0.7124946321329764,0.04846648980223004
train,2132976558443525760,399950067,15,0.8133838495912868,0.050356222152087446
train,2132976558443525760,399950067,26,0.8193914105108169,0.05047220566094962
train,2133123545106416512,416266033,14,1.0656707741957816,0.055519539996618496
train,2133123545106416512,416266033,41,1.0681456120431332,0.05557288706413162
train,2133152171067039104,299218219,14,1.087496215497054,0.055991624755760874
train,2133152171067039104,299218219,26,0.7312733849887836,0.04880964737780266
train,2133152171067039104,299218219,40,1.0979566274531702,0.05621916448095914
train,2133152171067039104,299218219,41,1.1121852086830484,0.056529979580420164
train,2133221062341955584,406951735,14,0.6073367136930486,0.04662324759426793
train,2133221062341955584,406951735,40,0.593890794840532,0.04639765259931958
train,2133381075642993536,298897823,14,0.8318268703806357,0.050713467147657135
train,2133381075642993536,298897823,15,0.9665308454894328,0.05342302330650605
train,2133381075642993536,298897823,26,0.966921992200914,0.05343113331148201
train,2133381075642993536,298897823,40,0.9674925296004875,0.05344296517255266
train,2133381075642993536,298897823,41,0.9674836768661841,0.053442781562077254
train,2133465699379595776,298970478,14,1.0750245401255214,0.0557214157932337
train,2133465699379595776,298970478,15,1.0785605834180887,0.05579790674616559
train,2133465699379595776,298970478,26,1.0746470697836021,0.055713256085424344
train,2133465699379595776,298970478,40,1.074235882389046,0.05570436876505933
train,2133465699379595776,298970478,41,1.0807283539402517,0.055844846704201256
train,2133687839387844992,405683562,26,0.4552278736831452,0.04421756061722089
train,2134722200655156480,27643861,14,1.4143802749469427,0.06344634065806594
train,2134722200655156480,27643861,15,1.4193959721980747,0.0635656254330198
train,2134722200655156480,27643861,40,1.4122566911190682,0.06339587626815045
train,2134722200655156480,27643861,41,1.4141353654618152,0.06344051948663262
train,2134740415614945664,27458214,15,1.5058459348710231,0.06564140254715607
train,2134740415614945664,27458214,40,1.5012094952274697,0.06552915595700344
train,2134740415614945664,27458214,41,1.50850393442423,0.06570579725761119
train,2134751376371748608,27647289,14,0.9440719487244291,0.052959612283508074
train,2134751376371748608,27647289,15,0.9435134035948138,0.052948144288857114
train,2134751376371748608,27647289,41,0.9485837585805674,0.05305235024507486
train,2134778280046448128,27391815,14,0.2410164824196216,0.0414440419795425
train,2134778280046448128,27391815,15,0.7507124890611581,0.04916910542729893
train,2134778280046448128,27391815,40,0.24400986382872858,0.04147726123502763
train,2134778280046448128,27391815,41,0.766137858586565,0.04945734664551332
train,2134798621011509888,27236076,14,2.1039377582769614,0.08081127370957379
train,2134798621011509888,27236076,15,2.1029685453597216,0.08078579193607206
train,2134798621011509888,27236076,40,2.1060885631646,0.08086782938167408
train,2134798621011509888,27236076,41,2.099880299922031,0.08070461401083173
train,2134826413741635712,27395800,14,1.9629601315592498,0.07713078605878297
train,2134826413741635712,27395800,15,1.9724486870613231,0.0773767879760094
train,2134826413741635712,27395800,40,1.9634660889740048,0.07714389705511811
train,2134826413741635712,27395800,41,1.9677643033746495,0.07725530749199076
train,2134955129620191104,27649338,14,0.3953182323769945,0.04336449601776121
train,2134955129620191104,27649338,15,0.4547691439482221,0.044210815395637704
train,2135022921382531328,27240318,40,0.5820305194406542,0.04620065189449584
train,2135145620008490624,1883083546,14,0.7008742789795434,0.04825619374124356
train,2135145620008490624,1883083546,15,0.7248646558581806,0.048692079943974474
train,2135145620008490624,1883083546,40,0.7124946321329764,0.04846648980223004
train,2135145620008490624,1883083546,41,0.7283904310015992,0.04875670176558613
train,2135181044900268928,27397998,14,2.247362025049587,0.08460692328745104
train,2135181044900268928,27397998,15,2.2489750444929477,0.08464987895909575
train,2135181044900268928,27397998,41,2.4207334343942417,0.08925478669628593
train,2135299998313478656,27776524,14,1.5767643992010927,0.06737056958154455
train,2135299998313478656,27776524,15,1.459368289164675,0.0645208391169052
train,2135299998313478656,27776524,40,1.578301925454751,0.0674083059663842
train,2135299998313478656,27776524,41,1.5777075516633343,0.06739371669706685
train,2135417817856157440,27993670,14,1.51083813036088,0.0657623744852165
train,2135417817856157440,27993670,15,1.510856309660279,0.0657628152225011
train,2135417817856157440,27993670,41,1.5147951723550577,0.06585834492085171
train,2135506259823108352,27695034,41,0.7598466206557375,0.049339470015718694
train,2135870335609767808,26885854,14,0.800647681951804,0.05011157671065168
train,2135870335609767808,26885854,15,0.8148964931615001,0.050385390446969706
train,2135870335609767808,26885854,40,0.8014474362413779,0.05012688894604842
train,2135870335609767808,26885854,41,0.8101765241023586,0.0502944539437218
train,2136137512637114624,26474401,14,2.328427914964548,0.08677262562035112
train,2136137512637114624,26474401,41,2.3263648654318265,0.0867173408815917
train,2140276868974325504,243348867,14,1.1062033227201582,0.05639912634524805
train,2140276868974325504,243348867,15,0.7120025450617503,0.04845755237135737
train,2140276868974325504,243348867,16,0.683694354226496,0.04794820923432366
train,2140276868974325504,243348867,26,1.0611814350857662,0.0554228899522951
train,2140276868974325504,243348867,40,1.062375509856984,0.055448581654071745
train,2140276868974325504,243348867,41,0.6906426833234083,0.04807234831671732
train,2140332428671448832,243303906,14,0.27144570485196484,0.0417894355388219
train,2140332428671448832,243303906,16,0.2823243038035883,0.04191701854923397
train,2140332428671448832,243303906,20,0.13638588584284772,0.040390531979253214
train,2140332428671448832,243303906,23,0.5804669879940707,0.04617482197444689
train,2140332428671448832,243303906,26,0.14586876645854296,0.04047717758070511
train,2140332428671448832,243303906,40,0.16098719742026596,0.040619027697592805
train,2140332428671448832,243303906,41,0.27542111796821267,0.04183581055278879
train,2140804806354137984,416261673,14,2.222417939764992,0.08394337767260623
train,2140804806354137984,416261673,15,2.1910963840434663,0.08311216169178794
train,2140804806354137984,416261673,16,2.0304182947979754,0.07888522319459072
train,2140804806354137984,416261673,19,2.2204916222290008,0.08389219265885688
train,2140804806354137984,416261673,26,2.1990275670529105,0.08332242906848843
train,2140804806354137984,416261673,40,2.224692017999068,0.08400381388736802
train,2141290515615772928,377256570,14,0.43273305098361037,0.04389062295256547
train,2141290515615772928,377256570,15,0.4290454628217698,0.04383778006368921
train,2141290515615772928,377256570,16,0.42753755243236147,0.043816233399397705
train,2141290515615772928,377256570,20,0.46116902747985367,0.04430521106856113
train,2141290515615772928,377256570,22,0.4215634756775738,0.04373122196466161
train,2141290515615772928,377256570,26,0.43502942163639113,0.043923637552230214
train,2141290515615772928,377256570,40,0.4278455793916627,0.04382063191352242
train,2141458534736316672,377255625,14,0.7382890076048219,0.04893888487182579
train,2141458534736316672,377255625,16,0.7394220858235441,0.048959810068344614
train,2141458534736316672,377255625,18,0.7360318894304281,0.04889724468076817
train,2141458534736316672,377255625,19,0.730431102556448,0.04879416900323811
train,2141458534736316672,377255625,20,0.7289045749072787,0.04876613709205076
train,2141458534736316672,377255625,21,0.23248262470304115,0.041350254151487124
train,2141458534736316672,377255625,22,0.7405539015929496,0.048980726426999396
train,2141458534736316672,377255625,23,0.23049404035922472,0.04132859524825996
train,2141458534736316672,377255625,25,0.7394294390611449,0.04895994591212107
train,2141458534736316672,377255625,26,0.7514718370355378,0.04918323302646936
train,2141685309010409856,394133324,14,1.4554101302872573,0.06442589390193251
train,2141685309010409856,394133324,15,1.3486559801017064,0.06189561169336029
train,2141685309010409856,394133324,16,1.346109202017574,0.06183599644319219
train,2141685309010409856,394133324,20,1.3510426913436004,0.061951512994429275
train,2141685309010409856,394133324,23,1.454845275255016,0.06441235092587166
train,2141685309010409856,394133324,40,1.3529546368925052,0.061996317296503116
train,2141685309010409856,394133324,41,1.3512224463884925,0.0619557244853007
train,2141688229588155392,352236592,14,0.8692415604424841,0.05144874067095687
train,2141688229588155392,352236592,15,0.911358671185373,0.05229270099639037
train,2141688229588155392,352236592,16,0.8735884509858931,0.05153506061137888
train,2141688229588155392,352236592,23,0.9185026336985336,0.05243750814433294
train,2141688229588155392,352236592,40,1.062375509856984,0.055448581654071745
train,2141688229588155392,352236592,41,0.8667972868074307,0.051400283354719106
train,2141825423725683328,243367992,14,1.5489476680284449,0.06668963456268574
train,2141825423725683328,243367992,15,1.5415812634471477,0.06650988472662864
train,2141825423725683328,243367992,16,1.5442735946169532,0.06657555285894552
train,2141825423725683328,243367992,20,1.091177285601409,0.05607160339056299
train,2141825423725683328,243367992,23,1.5514706880205311,0.0667512553793862
train,2141825423725683328,243367992,26,1.545944284207863,0.06661631870577264
train,2141825423725683328,243367992,40,1.1809792351776047,0.05805326603637752
train,2141825423725683328,243367992,41,1.1813590787431854,0.05806176820960133
train,2141860234438194944,284364658,14,1.3057500699013576,0.0608961899152289
train,2141860234438194944,284364658,15,1.2779167095417112,0.060253604445617864
train,2141860234438194944,284364658,16,1.2427716982773798,0.05944894134192733
train,2141860234438194944,284364658,20,1.3001263276936053,0.060765983972340745
train,2141860234438194944,284364658,23,1.288782263103134,0.06050390577433936
train,2141860234438194944,284364658,26,1.2564331382043885,0.0597608183162838
train,2141860234438194944,284364658,40,1.2402810978379153,0.05939220978939772
train,2141860234438194944,284364658,41,1.2946013238400569,0.06063824604581242
train,2142155831267721216,394169310,14,1.5614193397272695,0.06699451137017022
train,2142155831267721216,394169310,15,1.5608737917816917,0.06698116074423215
train,2142155831267721216,394169310,16,1.5586308277759804,0.06692628482796979
train,2142155831267721216,394169310,20,1.554708145943582,0.06683036677108672
train,2142155831267721216,394169310,23,1.560991303292174,0.06698403636997283
train,2142155831267721216,394169310,40,1.5605111562035916,0.06697228706820987
train,2142458849799679616,287194283,14,1.3244575774495952,0.06133065225192904
train,2142458849799679616,287194283,15,1.3100709234326182,0.06099635637809854
train,2142458849799679616,287194283,16,1.7543368024071502,0.0717924021047387
train,2142458849799679616,287194283,20,1.4528754186435913,0.06436513399173797
train,2142458849799679616,287194283,23,1.75082817256172,0.07170386406820223
train,2142458849799679616,287194283,40,1.7502771167165851,0.07168996254299229
train,2142458849799679616,287194283,41,1.451882219807934,0.06434133459410162
train,2142603568720333184,243313398,14,0.9378357547860212,0.05283172975271617
train,2142603568720333184,243313398,15,0.94351288507628,0.05294813364397867
train,2142603568720333184,243313398,16,0.9445339758806028,0.052969100684481775
train,2142603568720333184,243313398,20,0.4594416309192767,0.04427967099804754
train,2142603568720333184,243313398,23,0.9407125574197142,0.052890679632653516
train,2142603568720333184,243313398,26,0.9467235401541598,0.05301409245179822
train,2142603568720333184,243313398,40,0.9378415982703323,0.05283184941891252
train,2142603568720333184,243313398,41,0.45786695729095006,0.04425642867316216
train,2142876354979946880,416402745,14,0.919128247237784,0.052450211644865914
train,2142876354979946880,416402745,15,0.9242203567417357,0.052553743829382195
train,2142876354979946880,416402745,16,0.9200182440063196,0.05246828981846037
train,2142876354979946880,416402745,17,0.9162448916797679,0.05239169312745571
train,2142876354979946880,416402745,19,0.9239878616707966,0.05254901159672116
train,2142876354979946880,416402745,20,0.9246181457748899,0.052561841619994255
train,2142876354979946880,416402745,22,0.9187928230642248,0.05244340018586023
train,2142876354979946880,416402745,23,0.9230955470622322,0.052530853903122746
train,2142876354979946880,416402745,26,0.919792270758488,0.05246369901905437
train,2142876354979946880,416402745,40,0.920051039472239,0.05246895611948016
train,2142876354979946880,416402745,41,0.9234184093558666,0.052537422981806234
train,2143097219378366848,406927322,14,1.012665784978971,0.054388591525320294
train,2143097219378366848,406927322,15,1.0271138411926377,0.05469462885490053
train,2143097219378366848,406927322,16,0.9572438289523859,0.053230859091957454
train,2143097219378366848,406927322,17,1.0220676933088537,0.05458754820000525
train,2143097219378366848,406927322,19,1.0218806286102844,0.054583582616569364
train,2143097219378366848,406927322,20,1.5101563277498362,0.06574584603704219
train,2143097219378366848,406927322,21,1.020086182006743,0.054545556653762504
train,2143097219378366848,406927322,22,1.0271287164283347,0.05469494481706518
train,2143097219378366848,406927322,23,1.0351711182942875,0.05486603366701027
train,2143097219378366848,406927322,24,1.0245622118906985,0.05464045671585344
train,2143097219378366848,406927322,25,1.0201588792922174,0.05454709666484904
train,2143097219378366848,406927322,26,1.000586078945504,0.05413403922926016
train,2143097219378366848,406927322,40,1.0037020313288636,0.054199584827400595
train,2143097219378366848,406927322,41,1.024078182775308,0.05463018654349414
train,2143118110099373824,416401558,14,1.2995142340519452,0.06075182348208794
train,2143118110099373824,416401558,15,1.2972092378762554,0.06069851839832121
train,2143118110099373824,416401558,16,1.3115311890621912,0.061030233084445024
train,2143118110099373824,416401558,17,1.3062954132264053,0.06090882608768557
train,2143118110099373824,416401558,19,1.2986286561205056,0.060731339985864025
train,2143118110099373824,416401558,20,1.2873972367811064,0.06047196052163468
train,2143118110099373824,416401558,22,1.305981333043841,0.06090154830983659
train,2143118110099373824,416401558,23,1.296588621953145,0.06068417148146037
train,2143118110099373824,416401558,24,1.302830792003824,0.0608285769184961
train,2143118110099373824,416401558,26,1.3035628596468147,0.06084552752879506
train,2143118110099373824,416401558,40,1.3055131467642567,0.060890700703418996
train,2143118110099373824,416401558,41,1.300892559678772,0.0607837134979434
train,2143438377220218624,243279065,14,0.7881756944001217,0.049873661539029154
train,2143438377220218624,243279065,16,0.78276516378741,0.049770965980708196
train,2143438377220218624,243279065,18,0.7844958975006151,0.04980378234290893
train,2143438377220218624,243279065,19,0.7818919206514647,0.049754420677558746
train,2143438377220218624,243279065,20,0.7909626911936523,0.049926682817328295
train,2143438377220218624,243279065,21,0.7892794762613207,0.049894650548791775
train,2143438377220218624,243279065,22,0.7890837998053413,0.04989092870641875
train,2143438377220218624,243279065,23,0.7868244898183729,0.04984798537604326
train,2143438377220218624,243279065,25,0.7954843114706329,0.050012880350748405
train,2143438377220218624,243279065,26,0.7846075287073349,0.049805900081158046
train,2143438377220218624,243279065,40,0.7895869416195562,0.049900499485008264
train,2143438377220218624,243279065,41,0.7850112209041347,0.04981355957882657
train,2143499915511931520,243278591,14,1.38681593594372,0.06279314781883256
train,2143499915511931520,243278591,15,1.3745449120780002,0.06250366211049133
train,2143499915511931520,243278591,16,1.3780908686075537,0.06258723129099837
train,2143499915511931520,243278591,17,1.3885718584656968,0.06283463797782804
train,2143499915511931520,243278591,18,-0.2719164,0.03850000009024541
train,2143499915511931520,243278591,19,1.3761551223506574,0.06254160222933372
train,2143499915511931520,243278591,20,1.379119475802453,0.0626114856800347
train,2143499915511931520,243278591,22,1.379592478216933,0.06262264091769222
train,2143499915511931520,243278591,23,1.3750138730508024,0.06251471041772752
train,2143499915511931520,243278591,24,1.3787222229437672,0.06260211784515322
train,2143499915511931520,243278591,25,1.3931290630054347,0.06294239555718799
train,2143499915511931520,243278591,26,1.3778110343256185,0.06258063383404604
train,2143499915511931520,243278591,41,1.382678625582068,0.06269545389676896
train,2143633368735934464,421307009,14,0.9253640830871963,0.052577030557738366
train,2143633368735934464,421307009,15,0.8727736145162848,0.05151886573937561
train,2143633368735934464,421307009,16,0.929404681530061,0.05265939418310864
train,2143633368735934464,421307009,17,0.9237176042060555,0.05254351136433926
train,2143633368735934464,421307009,18,0.923561651088634,0.05254033773759611
train,2143633368735934464,421307009,19,0.9270860752922225,0.05261211350926061
train,2143633368735934464,421307009,20,0.8673372366686452,0.05141098275793021
train,2143633368735934464,421307009,21,0.8718875384852556,0.05150126228641653
train,2143633368735934464,421307009,22,0.9270593105213432,0.052611568011454696
train,2143633368735934464,421307009,23,0.8792580501700105,0.05164792156518778
train,2143633368735934464,421307009,24,0.9233736373041075,0.052536511975747276
train,2143633368735934464,421307009,25,0.869925676359357,0.051462313577349594
train,2143633368735934464,421307009,26,0.8726625493160618,0.051516658817200245
train,2143633368735934464,421307009,40,0.8726095493439907,0.0515156057228735
train,2143633368735934464,421307009,41,0.873088522646146,0.05152512377464757
train,2145559747466918016,47818858,14,0.3849015880744343,0.04322203204357772
train,2145559747466918016,47818858,15,0.3840295633745002,0.04321018629414203
train,2145559747466918016,47818858,22,0.44250132207197035,0.04403162988979995
train,2145559747466918016,47818858,25,0.38109557132031935,0.04317042218125049
train,2145559747466918016,47818858,26,0.387899700193965,0.043262854144963156
train,2145559747466918016,47818858,40,0.38633427552944544,0.04324152104040827
train,2145559747466918016,47818858,41,0.32576364778023514,0.04244750767174661
train,2145735390152813184,47624307,22,0.8841319637965455,0.051745190619100434
train,2145735390152813184,47624307,41,0.8479472684724405,0.0510285563562515
train,2146481653607440128,47933546,14,0.7383103424347832,0.048939278740140486
train,2146481653607440128,47933546,15,0.739346530851412,0.04895841430049765
train,2146481653607440128,47933546,19,0.7330278226362217,0.04884191411542848
train,2146481653607440128,47933546,22,0.7438023936247105,0.049040839907595016
train,2146481653607440128,47933546,25,0.7329044432182426,0.04883964383751531
train,2146481653607440128,47933546,26,0.727054758075882,0.048732204258518146
train,2146481653607440128,47933546,40,0.742145451491308,0.04901016327800479
train,2146481653607440128,47933546,41,0.7347026278403961,0.0488727489636415
train,2146613663722334976,48309840,14,0.202017133487923,0.04102663741798986
train,2146613663722334976,48309840,15,0.19791158831726602,0.04098437977208275
train,2146613663722334976,48309840,19,0.3899963961291609,0.04329149007979957
train,2146613663722334976,48309840,22,0.38459485748255906,0.04321786393310195
train,2146613663722334976,48309840,26,0.387899700193965,0.043262854144963156
train,2146613663722334976,48309840,40,0.38633427552944544,0.04324152104040827
train,2146613663722334976,48309840,41,0.38867733702025986,0.043273466446885796
train,2146696917368533120,376930571,15,-0.2719164,0.03850000009024541
train,2146696917368533120,376930571,19,1.3788069747415612,0.06260411635167908
train,2146696917368533120,376930571,26,-0.2719164,0.03850000009024541
train,2146696917368533120,376930571,40,1.3944659407547224,0.06297402772680837
train,2146696917368533120,376930571,41,1.3135085688486237,0.06107612613833917
train,2146959661989910016,236782228,14,2.871011243130437,0.10156913603556839
train,2146959661989910016,236782228,15,0.7763109728435642,0.049648872854839717
train,2146959661989910016,236782228,16,2.8838522074386264,0.10192458420617467
train,2146959661989910016,236782228,19,0.788473038409186,0.04987931441597319
train,2146959661989910016,236782228,22,2.8790407295808578,0.10179137434954613
train,2146959661989910016,236782228,25,2.967022977748784,0.10423172253045884
train,2146959661989910016,236782228,26,0.7743033939308224,0.049610987574473686
train,2146959661989910016,236782228,40,2.8770125072624833,0.10173523000031437
train,2146959661989910016,236782228,41,2.873768062001238,0.10164542947894226
train,2147100300696940160,47932789,14,2.378369807004833,0.08811354379363909
train,2147100300696940160,47932789,15,2.435713123797047,0.08965913516990827
train,2147100300696940160,47932789,19,2.3757347632167747,0.08804267127701763
train,2147100300696940160,47932789,22,2.4455416643298316,0.08992466265533179
train,2147100300696940160,47932789,25,2.377028800875216,0.08807747421675054
train,2147100300696940160,47932789,26,2.4369487132600316,0.08969250607813195
train,2147100300696940160,47932789,40,1.0979566274531702,0.05621916448095914
train,2147100300696940160,47932789,41,2.389332654853048,0.0884085461793379
train,2147245058273757312,47933291,14,1.5302782207632863,0.06623455186626502
train,2147245058273757312,47933291,15,1.528719577890785,0.06619663016420875
train,2147245058273757312,47933291,19,2.0260976257148187,0.07877247494081904
train,2147245058273757312,47933291,22,1.5324778396270853,0.06628808733282306
train,2147245058273757312,47933291,25,2.0248169559274114,0.07873906546281673
train,2147245058273757312,47933291,26,1.532478649510027,0.066288107048233
train,2147245058273757312,47933291,40,1.5427205974054985,0.06653767002205378
train,2147245058273757312,47933291,41,2.0244332572609034,0.07872905658913923
train,2147718840410027776,359679515,15,1.1943157534253535,0.05835236431996132
train,2147718840410027776,359679515,16,1.1932056645158553,0.05832742281416502
train,2147718840410027776,359679515,18,1.192127898282421,0.05830321541057896
train,2147718840410027776,359679515,19,1.1935847761514966,0.05833593977897351
train,2147718840410027776,359679515,20,1.1919290549373651,0.05829875009485342
train,2147718840410027776,359679515,21,1.1913701801342211,0.05828620116718245
train,2147718840410027776,359679515,22,1.1884973650230688,0.05822172824575166
train,2147718840410027776,359679515,23,1.1884539573226665,0.058220754496573345
train,2147718840410027776,359679515,25,1.1896411901356254,0.05824739181751461
train,2147718840410027776,359679515,26,1.1958377820641264,0.05838657465917101
train,2147718840410027776,359679515,40,1.192839607709667,0.05831920004479
train,2147718840410027776,359679515,41,1.1876811903685742,0.05820342141489302
train,2147785468239553664,359586492,15,0.2751435857631669,0.041832563712265514
train,2147785468239553664,359586492,16,0.27036017159664083,0.04177682214867848
train,2147785468239553664,359586492,18,0.2671793887922078,0.0417399863579456
train,2147785468239553664,359586492,19,0.2732510311845435,0.041810459975367684
train,2147785468239553664,359586492,20,0.2754345092374496,0.041835967252090954
train,2147785468239553664,359586492,21,0.2746931679452641,0.041827297257017226
train,2147785468239553664,359586492,22,0.6311237131485694,0.047028115098700606
train,2147785468239553664,359586492,23,0.26876375528016183,0.041758311459066826
train,2147785468239553664,359586492,24,0.26564790249126513,0.04172231636931792
train,2147785468239553664,359586492,25,0.2696428856306111,0.041768499373398625
train,2147785468239553664,359586492,26,0.2667089879134409,0.04173455441328083
train,2147785468239553664,359586492,40,0.27366073647485567,0.04181523954614508
train,2147785468239553664,359586492,41,0.2754326963882153,0.04183594603866084
train,2147926755483596928,392537922,14,0.993985011816426,0.05399545085928277
train,2147926755483596928,392537922,15,0.9959755670040458,0.054037203744509044
train,2147926755483596928,392537922,16,0.9945365473961487,0.05400701625432155
train,2147926755483596928,392537922,17,0.9921489859491115,0.053956968880221556
train,2147926755483596928,392537922,18,0.9960976384267421,0.054039765337329765
train,2147926755483596928,392537922,19,0.9920266024171787,0.053954404806796384
train,2147926755483596928,392537922,20,3.413155419168411,0.11673360423791271
train,2147926755483596928,392537922,21,0.9945898997622615,0.05400813515963832
train,2147926755483596928,392537922,22,0.9941952712669688,0.05399985958127037
train,2147926755483596928,392537922,23,0.9908170940801229,0.053929071039506206
train,2147926755483596928,392537922,24,0.9929407823323888,0.05397356096322587
train,2147926755483596928,392537922,25,0.9938968700281756,0.053993602812226094
train,2147926755483596928,392537922,26,0.993853261596586,0.05399268850922585
train,2147926755483596928,392537922,40,0.9912132746646116,0.05393736788260122
train,2147926755483596928,392537922,41,0.9926487537244975,0.053967440892063026
train,2148325981283812608,21179365,14,1.1520971198343313,0.057409682084518854
train,2148325981283812608,21179365,15,1.08499142619627,0.05593726165592649
train,2148325981283812608,21179365,18,1.133331398510394,0.05699464298865045
train,2148325981283812608,21179365,25,1.1374427047736388,0.05708535845156196
train,2148325981283812608,21179365,26,1.2497003208554704,0.059606968849739525
train,2148325981283812608,21179365,40,1.1276370895659744,0.05686919877243238
train,2148325981283812608,21179365,41,1.131058870052552,0.05694455182666877
train,2149144498970201856,357046661,15,0.7184333878399317,0.04857457311563508
train,2149144498970201856,357046661,17,0.7229428363400919,0.0486569161321968
train,2149144498970201856,357046661,18,0.7218131496113841,0.04863626591701333
train,2149144498970201856,357046661,19,0.7209527941937415,0.04862054883116754
train,2149144498970201856,357046661,21,0.721657707218203,0.048633425643480346
train,2149144498970201856,357046661,22,0.8542335521007405,0.05115213326281687
train,2149144498970201856,357046661,24,0.8601303002108005,0.051268408406395266
train,2149144498970201856,357046661,25,0.8634006566232091,0.0513330425904353
train,2149144498970201856,357046661,26,0.7245405676398656,0.048686147079406154
train,2149144498970201856,357046661,40,0.7184456032098208,0.04857479585247132
train,2149289050389689216,357045691,14,0.5948830888792276,0.046414219688294844
train,2149289050389689216,357045691,15,0.5962473750544856,0.04643701877104253
train,2149289050389689216,357045691,16,0.591740654770991,0.04636179925970415
train,2149289050389689216,357045691,17,0.5957260905054601,0.04642830448476877
train,2149289050389689216,357045691,18,0.5930833508075649,0.046384181360966704
train,2149289050389689216,357045691,19,0.5906902949122524,0.04634430697847715
train,2149289050389689216,357045691,20,0.5936427873183061,0.04639351396933325
train,2149289050389689216,357045691,21,0.5884187716303025,0.046306528184990016
train,2149289050389689216,357045691,22,0.5940481788469156,0.04640027937112611
train,2149289050389689216,357045691,24,0.5902242809398158,0.046336550868689465
train,2149289050389689216,357045691,25,0.5900594021428216,0.04633380739910994
train,2149289050389689216,357045691,26,0.5898842206615054,0.046330892896888916
train,2149289050389689216,357045691,40,0.5947629350913727,0.04641221293633265
train,2149289050389689216,357045691,41,0.5900011425883391,0.04633283808687884
train,2149337841218250752,357033739,14,1.056344687275363,0.05531893625073371
train,2149337841218250752,357033739,15,1.1621615395344467,0.057633295377013984
train,2149337841218250752,357033739,16,1.0680372791526938,0.05557055087285819
train,2149337841218250752,357033739,17,1.0382480465855408,0.054931627804392556
train,2149337841218250752,357033739,18,1.0757944043733003,0.05573806119204617
train,2149337841218250752,357033739,21,1.0721000670654144,0.05565822656139662
train,2149337841218250752,357033739,25,1.0526201660604106,0.05523901184027288
train,2149337841218250752,357033739,26,1.1621736953195365,0.057633565882399686
train,2149337841218250752,357033739,40,1.0683339756013142,0.05557694932701487
train,2149337841218250752,357033739,41,1.0492710740405198,0.055167236893815204
train,2149741052749236352,362213287,14,0.6260629266086961,0.046941367519683294
train,2149741052749236352,362213287,15,1.3036400806544368,0.06084731572126438
train,2149741052749236352,362213287,16,1.3051844761009175,0.06088308636228657
train,2149741052749236352,362213287,17,1.2300987717303293,0.059160683512622776
train,2149741052749236352,362213287,18,1.1483607867297567,0.057326847661546755
train,2149741052749236352,362213287,19,1.1496594332153922,0.05735562751066847
train,2149741052749236352,362213287,20,1.1473460909704578,0.057304368820316254
train,2149741052749236352,362213287,21,1.2408803051838448,0.05940585511099274
train,2149741052749236352,362213287,22,1.2349983395682547,0.05927200777929677
train,2149741052749236352,362213287,23,1.3058047455277064,0.06089745672768261
train,2149741052749236352,362213287,24,1.157371612556653,0.05752678384888141
train,2149741052749236352,362213287,25,0.6350322831645175,0.047095335874425825
train,2149741052749236352,362213287,26,0.6302811247550134,0.04701364948819438
train,2149741052749236352,362213287,40,1.1513583351518382,0.057393295473994944
train,2149741052749236352,362213287,41,1.1625157146725642,0.057641177334353595
train,2150030189946389504,353987913,14,1.056344687275363,0.05531893625073371
train,2150030189946389504,353987913,15,1.2843475523198926,0.060401660944498996
train,2150030189946389504,353987913,16,1.2350911038297656,0.059274116975244845
train,2150030189946389504,353987913,17,1.0594660423273439,0.05538600101125327
train,2150030189946389504,353987913,18,1.2314774898712273,0.059191994201023966
train,2150030189946389504,353987913,19,1.233764335119918,0.05924395523478547
train,2150030189946389504,353987913,20,1.2364477720179303,0.059304970013212034
train,2150030189946389504,353987913,21,1.2869965258586271,0.060462720377769605
train,2150030189946389504,353987913,22,1.235448567587408,0.05928224519838497
train,2150030189946389504,353987913,23,1.0634980968169718,0.05547274533548645
train,2150030189946389504,353987913,24,1.2838572773846755,0.06039036462254158
train,2150030189946389504,353987913,25,1.2353148648273637,0.05927920489046046
train,2150030189946389504,353987913,26,1.2362346861576345,0.05930012328849885
train,2150030189946389504,353987913,40,0.9853096160507904,0.053813870693340336
train,2150030189946389504,353987913,41,1.238012141760594,0.0593405610711779
train,2150106743443755520,356895890,14,1.0501087197294694,0.055185180326733495
train,2150106743443755520,356895890,15,1.046406369527182,0.055105913190311134
train,2150106743443755520,356895890,16,1.0516186267628675,0.05521753842492108
train,2150106743443755520,356895890,17,1.0532213545465186,0.055251905358513306
train,2150106743443755520,356895890,18,1.662442646953458,0.06948856184241683
train,2150106743443755520,356895890,19,1.0553299482126761,0.055297150204657114
train,2150106743443755520,356895890,20,1.0518800041338798,0.0552231417022706
train,2150106743443755520,356895890,21,1.052807964667346,0.055243039198340955
train,2150106743443755520,356895890,22,1.6616918267945364,0.06946987138018493
train,2150106743443755520,356895890,25,1.052556200437608,0.05523764015504119
train,2150106743443755520,356895890,26,1.0544486177368482,0.055278234937839836
train,2150106743443755520,356895890,40,1.0505430414119163,0.05519448622690572
train,2150106743443755520,356895890,41,1.0492710740405198,0.055167236893815204
train,2150693912715463168,353779523,14,0.19279492830230222,0.04093216929698267
train,2150693912715463168,353779523,15,0.2010013024299394,0.041016151487660385
train,2150693912715463168,353779523,16,0.1997689617788389,0.041003457246055995
train,2150693912715463168,353779523,17,0.8136484271708766,0.050361322286863575
train,2150693912715463168,353779523,18,0.2059840704237954,0.04106777574761419
train,2150693912715463168,353779523,19,0.19855523544842424,0.04099098329107683
train,2150693912715463168,353779523,20,0.19269541830620718,0.0409311589055428
train,2150693912715463168,353779523,21,0.17823265595492344,0.04078635157784369
train,2150693912715463168,353779523,22,0.19936911775422606,0.04099934475789863
train,2150693912715463168,353779523,23,0.21585816730537782,0.04117147888007528
train,2150693912715463168,353779523,24,0.20240504337464577,0.04103064685017216
train,2150693912715463168,353779523,25,0.2043947789281279,0.04105125810760077
train,2150693912715463168,353779523,26,0.35423561344937493,0.0428130334285261
train,2150693912715463168,353779523,40,0.35075315793325923,0.04276758319042076
train,2150693912715463168,353779523,41,0.1999362693001856,0.04100517895486066
train,2151049677743235968,389968494,14,0.788198082801933,0.0498740871373222
train,2151049677743235968,389968494,15,0.7763109728435642,0.049648872854839717
train,2151049677743235968,389968494,16,0.7286526585020265,0.04876151366336856
train,2151049677743235968,389968494,17,0.7312952333854998,0.048810048986952535
train,2151049677743235968,389968494,18,0.8670183650539602,0.05140466379770892
train,2151049677743235968,389968494,21,0.7320774029805561,0.0488244301224578
train,2151049677743235968,389968494,23,0.7296473782003758,0.048779774003029346
train,2151049677743235968,389968494,24,0.7526179176892347,0.04920456791486026
train,2151049677743235968,389968494,25,0.765528496569484,0.04944591023344007
train,2151049677743235968,389968494,26,0.7716702890822917,0.04956136425409354
train,2151049677743235968,389968494,40,0.7124945201611527,0.04846648776824393
train,2151049677743235968,389968494,41,0.7472853656884011,0.049105424187643666
train,2151390663787386368,357096415,14,0.8069059854396141,0.050231578718271455
train,2151390663787386368,357096415,15,0.841324723377632,0.05089879563094953
train,2151390663787386368,357096415,16,0.8132077902064232,0.05035282874263331
train,2151390663787386368,357096415,17,0.837142963533638,0.050817086002062375
train,2151390663787386368,357096415,18,0.7702826876449458,0.049535243968126204
train,2151390663787386368,357096415,19,0.7954037225144639,0.050011342150377176
train,2151390663787386368,357096415,22,0.8268974212546523,0.05061764118304377
train,2151390663787386368,357096415,23,0.7751730044822112,0.04962739274181102
train,2151390663787386368,357096415,24,0.8095364908941924,0.05028214069361833
train,2151390663787386368,357096415,25,0.8438262246124641,0.050947757876202746
train,2151390663787386368,357096415,26,0.820633148279521,0.05049622545408332
train,2151390663787386368,357096415,41,0.7850335792324157,0.04981398384807593
train,2151702993807984896,356892382,14,0.12718552293719826,0.040308196567190716
train,2151702993807984896,356892382,15,0.13355158944799428,0.0403649854698832
train,2151702993807984896,356892382,17,0.14023403915101407,0.040425475325807876
train,2151702993807984896,356892382,18,0.18582277572094197,0.04086184026636732
train,2151702993807984896,356892382,19,0.17164520935666033,0.04072174719379767
train,2151702993807984896,356892382,20,0.17359200523736346,0.04074075131469964
train,2151702993807984896,356892382,21,0.1664249612569168,0.04067115596795701
train,2151702993807984896,356892382,22,0.13144563565044198,0.040346108594923775
train,2151702993807984896,356892382,23,0.15732510531999533,0.040584251047787255
train,2151702993807984896,356892382,25,0.5371601231107926,0.04547266010879902
train,2151702993807984896,356892382,26,0.14086320907009237,0.04043121681539443
train,2151702993807984896,356892382,40,0.13727508635615343,0.040398579972472516
train,2151702993807984896,356892382,41,0.18106216252817825,0.0408143616181737
train,2151702993809303424,356892382,14,0.12402603148366736,0.040280316476217076
train,2151702993809303424,356892382,16,0.14308428480172442,0.040451548699858425
train,2151702993809303424,356892382,17,0.14023403915101407,0.040425475325807876
train,2151702993809303424,356892382,19,0.17164520935666033,0.04072174719379767
train,2151702993809303424,356892382,20,0.17359200523736346,0.04074075131469964
train,2151702993809303424,356892382,22,0.13144563565044198,0.040346108594923775
train,2151702993809303424,356892382,23,0.15732510531999533,0.040584251047787255
train,2151702993809303424,356892382,25,0.5378184444371961,0.045483139018366404
train,2151702993809303424,356892382,41,0.18106216252817825,0.0408143616181737
train,2151709900116730624,356892430,14,1.2266304487325388,0.05908197175109799
train,2151709900116730624,356892430,15,1.1557306967562653,0.05749033220844812
train,2151709900116730624,356892430,16,1.265518293573147,0.05996886617677698
train,2151709900116730624,356892430,17,1.2268124696400513,0.059086100699995196
train,2151709900116730624,356892430,18,1.2405012526410646,0.059397222953824276
train,2151709900116730624,356892430,19,1.2251040315787287,0.05904735500125177
train,2151709900116730624,356892430,20,1.160074902548668,0.05758687615477878
train,2151709900116730624,356892430,21,2.84303873232429,0.10079555967209604
train,2151709900116730624,356892430,22,1.1607142783446733,0.05760109646882355
train,2151709900116730624,356892430,23,2.843336343155724,0.10080378477372005
train,2151709900116730624,356892430,25,1.2230328717810626,0.05900040833392989
train,2151709900116730624,356892430,41,2.836019848457223,0.100601611342911
train,2151861151684955904,353990418,16,-0.2719164,0.03850000009024541
train,2151861151684955904,353990418,18,1.1886837812250335,0.0582259101965738
train,2151861151684955904,353990418,20,1.191896931494194,0.058298028741159184
train,2151861151684955904,353990418,21,2.7360412947974853,0.0978461139432441
train,2151861151684955904,353990418,22,2.747305579937966,0.0981558821129707
train,2151861151684955904,353990418,24,1.182669359682247,0.05809110418825348
train,2151861151684955904,353990418,25,2.73193866807347,0.09773333610361717
train,2151861151684955904,353990418,41,1.1939725592925767,0.05834465254705459
train,2151970205197150720,357595904,14,0.8193779205314016,0.05047194480218384
train,2151970205197150720,357595904,15,1.3165012097137088,0.06114562566083535
train,2151970205197150720,357595904,16,0.8202540511817895,0.05048889063217846
train,2151970205197150720,357595904,17,0.8231781761624295,0.050545505272243246
train,2151970205197150720,357595904,18,0.8235337359187751,0.05055239533527555
train,2151970205197150720,357595904,19,1.3110057370004813,0.0610180416874138
train,2151970205197150720,357595904,20,0.8291258015151981,0.05066092907814403
train,2151970205197150720,357595904,21,0.8221794109403495,0.050526158070448385
train,2151970205197150720,357595904,22,0.820229821598254,0.05048842188523718
train,2151970205197150720,357595904,23,0.8280934178050317,0.05064086797771153
train,2151970205197150720,357595904,24,1.3154786935916811,0.06112187343338869
train,2151970205197150720,357595904,25,1.314902690308376,0.061108496012215074
train,2151970205197150720,357595904,40,1.31147674285642,0.06102896976347701
train,2151970205197150720,357595904,41,0.8290731617004332,0.050659905927437646
train,2152020374711521152,353897436,15,0.7956031271760149,0.05001514831011176
train,2152020374711521152,353897436,16,0.7154269901665592,0.04851980656001397
train,2152020374711521152,353897436,17,0.763172993906954,0.049401740836668304
train,2152020374711521152,353897436,21,0.41028451740986516,0.043572266556311856
train,2152897922430896128,377103181,14,0.8006473660989468,0.0501115706646082
train,2152897922430896128,377103181,15,0.7878139817619296,0.04986678620855292
train,2152897922430896128,377103181,19,0.7815424222220684,0.04974780104374049
train,2152897922430896128,377103181,20,0.6445781456999156,0.04726032174770402
train,2152897922430896128,377103181,22,0.8115281131463039,0.05032047044827047
train,2152897922430896128,377103181,23,0.6488305100315559,0.04733418658794057
train,2152897922430896128,377103181,40,0.8133076866836804,0.050354754131031486
train,2153093871721343104,232672106,14,0.7570182450724643,0.04928661791544122
train,2153093871721343104,232672106,15,0.7553720867623646,0.04925589793260698
train,2153093871721343104,232672106,16,0.7376047684590783,0.04892625567051075
train,2153093871721343104,232672106,17,0.7526401887126097,0.049204982646386126
train,2153093871721343104,232672106,18,0.7531248885485642,0.0492140101050557
train,2153093871721343104,232672106,19,0.7096928783656251,0.04841564124005785
train,2153093871721343104,232672106,20,0.7973272366499016,0.05004807500824667
train,2153093871721343104,232672106,21,0.7538527326866318,0.04922757099503012
train,2153093871721343104,232672106,22,0.7455921742617531,0.04907401057276073
train,2153093871721343104,232672106,23,0.7516467522306189,0.049186488218117184
train,2153093871721343104,232672106,25,0.7534567989081069,0.04922019339075259
train,2153093871721343104,232672106,26,0.7566491832566238,0.04927972801251456
train,2153093871721343104,232672106,40,0.7065643338951216,0.048358970169173315
train,2153093871721343104,232672106,41,0.7535767346124034,0.04922242802033258
train,2153123455456094976,232680387,14,0.6572427643381648,0.047480974737863446
train,2153123455456094976,232680387,15,0.6091090606108482,0.04665316108065826
train,2153123455456094976,232680387,16,0.6086003087238145,0.04664457021997132
train,2153123455456094976,232680387,17,0.662172665785981,0.0475674059621925
train,2153123455456094976,232680387,18,0.7227532948137918,0.04865345036423086
train,2153123455456094976,232680387,19,0.6605005689962794,0.04753805707009048
train,2153123455456094976,232680387,20,0.7336817820874073,0.04885395037251467
train,2153123455456094976,232680387,22,0.6123076633911761,0.04670725049158409
train,2153123455456094976,232680387,23,0.6538540943741903,0.04742173887827033
train,2153123455456094976,232680387,24,0.6577536290143057,0.0474899172876519
train,2153123455456094976,232680387,25,0.6583884439908716,0.04750103405470153
train,2153123455456094976,232680387,26,0.6639452114996035,0.04759855554603282
train,2153123455456094976,232680387,40,0.6591228437668734,0.047513900950877146
train,2153123455456094976,232680387,41,0.7221198899923911,0.04864187155335581
train,2153520795768053888,376993892,14,0.6891490697864011,0.04804561460846712
train,2153520795768053888,376993892,15,-0.2719164,0.03850000009024541
train,2153520795768053888,376993892,16,-0.2719164,0.03850000009024541
train,2153520795768053888,376993892,17,0.6780025586718175,0.047846951778000295
train,2153520795768053888,376993892,18,0.7008949544625943,0.048256566501603954
train,2153520795768053888,376993892,19,0.7036203969735298,0.048305747875151094
train,2153520795768053888,376993892,20,0.7082236002624098,0.048389012185388706
train,2153520795768053888,376993892,22,0.7066391189691019,0.04836032350396567
train,2153520795768053888,376993892,24,0.7146722022192633,0.04850607329502043
train,2153520795768053888,376993892,25,0.719855003466413,0.048600506642483894
train,2153520795768053888,376993892,26,0.6849464012013046,0.0479705355984922
train,2153698366896044160,236776371,15,1.559642947605046,0.06695104440168555
train,2153698366896044160,236776371,17,0.8799538333500778,0.051661793406678806
train,2153698366896044160,236776371,18,1.4473317299836332,0.06423235692719215
train,2153698366896044160,236776371,19,1.5631212194240514,0.06703616812414462
train,2153698366896044160,236776371,20,1.5610726913998314,0.06698602805513919
train,2153698366896044160,236776371,21,1.450601577530382,0.06431065461687258
train,2153698366896044160,236776371,22,0.8677612143067264,0.0514193861012274
train,2153698366896044160,236776371,23,1.4594604527077975,0.06452305078621964
train,2153698366896044160,236776371,24,1.4672622257070347,0.06471042320666304
train,2153698366896044160,236776371,25,0.8829753000891782,0.05172208638085359
train,2153698366896044160,236776371,26,0.8707226836107766,0.05147813199569069
train,2153698366896044160,236776371,40,0.878539735610022,0.051633605401683394
train,2153698366896044160,236776371,41,1.4645014230246833,0.06464408381229912
train,2154104735223965312,232637863,15,0.4269094917941213,0.04380726955203131
train,2154104735223965312,232637863,16,0.4221976116437003,0.04374021897610861
train,2154104735223965312,232637863,17,0.43117322295394356,0.04386824466160527
train,2154104735223965312,232637863,19,0.4211486146197818,0.04372533943620123
train,2154104735223965312,232637863,20,0.4218190547311861,0.043734847309579966
train,2154104735223965312,232637863,22,0.4274596897724382,0.0438151217853439
train,2154104735223965312,232637863,26,0.4215637869385551,0.04373122637921549
train,2154104735223965312,232637863,40,0.42801797720637125,0.043823094344651266
train,2154104735223965312,232637863,41,0.4201341816402723,0.04371096676598412
train,2154568973945934720,232673709,15,1.7923841317962215,0.07275530014222271
train,2154568973945934720,232673709,16,1.790592685759442,0.07270984905611887
train,2154568973945934720,232673709,17,1.792474407822218,0.07275759084335147
train,2154568973945934720,232673709,18,1.7859537957620562,0.07259220646103567
train,2154568973945934720,232673709,19,1.7882657890531257,0.07265082948451851
train,2154568973945934720,232673709,20,1.7901963278248105,0.07269979448504796
train,2154568973945934720,232673709,21,1.7958489873669576,0.07284323891398473
train,2154568973945934720,232673709,22,1.7915892906157087,0.07273513272520565
train,2154568973945934720,232673709,23,1.7865767213076043,0.07260799957285809
train,2154568973945934720,232673709,24,1.7898008072017941,0.07268976169463771
train,2154568973945934720,232673709,25,1.789924149311754,0.07269289033713462
train,2154568973945934720,232673709,26,1.7883257087689117,0.07265234905782032
train,2154568973945934720,232673709,40,1.7917884205788022,0.0727401850234052
train,2154568973945934720,232673709,41,1.7916526070728123,0.07273673916688927
train,2155272901905992192,376975737,17,1.4692256186250687,0.06475762431596645
train,2155335058672887552,236815701,14,0.4264972151341979,0.04380138881167405
train,2155335058672887552,236815701,15,0.4226146200435885,0.04374613889097968
train,2155335058672887552,236815701,16,0.41558662858648066,0.04364673716249536
train,2155335058672887552,236815701,17,0.40810043989219413,0.04354172104095996
train,2155335058672887552,236815701,18,0.41338951655230183,0.04361582319787844
train,2155335058672887552,236815701,19,0.421747636718224,0.04373383415313493
train,2155335058672887552,236815701,20,0.4218190547311861,0.043734847309579966
train,2155335058672887552,236815701,22,0.4211331436539556,0.04372512011818864
train,2155335058672887552,236815701,23,0.43161922373804196,0.04387463937680766
train,2155335058672887552,236815701,24,0.4174307643711519,0.043672744065422806
train,2155335058672887552,236815701,25,0.42794544837771176,0.04382205832757442
train,2155335058672887552,236815701,26,0.4215637869385551,0.04373122637921549
train,2155661373108725376,230390644,14,0.9752507698824961,0.053604136110523344
train,2155661373108725376,230390644,15,0.9702315676740143,0.05349980694239717
train,2155661373108725376,230390644,16,0.9678248304677108,0.05344985776360549
train,2155661373108725376,230390644,17,0.9685538793637827,0.05346498306789007
train,2155661373108725376,230390644,18,0.9663334368217302,0.05341893075580858
train,2155661373108725376,230390644,19,0.9697422257256212,0.05348964712394626
train,2155661373108725376,230390644,20,0.9691699639686358,0.053477768338328686
train,2155661373108725376,230390644,21,0.9741104335871875,0.05358041399490841
train,2155661373108725376,230390644,22,0.9846735416688985,0.05380058246360978
train,2155661373108725376,230390644,23,0.9818666264259484,0.05374198436317341
train,2155661373108725376,230390644,24,0.9866164964207267,0.05384118352674622
train,2155661373108725376,230390644,25,0.9808474780628376,0.0537207249196293
train,2155661373108725376,230390644,26,0.9803876268987499,0.05371113532728739
train,2155661373108725376,230390644,40,1.2165603527737912,0.05885387547056151
train,2155661373108725376,230390644,41,0.9800395319043025,0.053703877466045456
train,2155664980881226496,230383836,16,1.2723226765474995,0.06012501745610236
train,2155664980881226496,230383836,18,1.2779784934457763,0.06025502569952715
train,2155664980881226496,230383836,19,1.2762925322416987,0.0602162507775279
train,2155664980881226496,230383836,20,2.2484436006747677,0.0846357256641768
train,2155664980881226496,230383836,21,2.247702850022752,0.08461599918595078
train,2155664980881226496,230383836,22,1.2706498567734392,0.06008660227079607
train,2155664980881226496,230383836,26,1.2766315902511425,0.060224047287051406
train,2155664980881226496,230383836,40,1.2758622154341015,0.06020635681175452
train,2155664980881226496,230383836,41,1.2694363804851965,0.060058746299356223
train,2156437903195691904,233528177,15,0.29399776447996095,0.04205629211740768
train,2156437903195691904,233528177,17,0.23622805178757356,0.04139124914203208
train,2156437903195691904,233528177,18,0.8547675851134657,0.051162649456885
train,2156437903195691904,233528177,19,0.23489638947822433,0.04137664355702417
train,2156437903195691904,233528177,20,0.8546081457561463,0.05115950947664344
train,2156437903195691904,233528177,21,0.23815249849485276,0.04141241490328301
train,2156437903195691904,233528177,22,0.184078675925397,0.040844394784821256
train,2156437903195691904,233528177,23,0.23701885127298095,0.04139993826824291
train,2156437903195691904,233528177,24,0.29094504613791294,0.0420196353238153
train,2156437903195691904,233528177,25,0.8503512407646254,0.051075767683934466
train,2156437903195691904,233528177,26,0.2330449011688508,0.04135639170264862
train,2156437903195691904,233528177,40,0.2914512952729489,0.04202570281786393
train,2156525932845287552,233539823,15,0.75701844450902,0.04928662163906942
train,2156525932845287552,233539823,16,0.7430764202659621,0.04902739543424845
train,2156525932845287552,233539823,17,0.7144816534699958,0.04850260733205848
train,2156525932845287552,233539823,18,0.7544464083567872,0.04923863647269932
train,2156525932845287552,233539823,19,0.7356381293915641,0.048889986356123266
train,2156525932845287552,233539823,20,0.7655045093686546,0.04944546012863659
train,2156525932845287552,233539823,22,0.7321504444909981,0.048825773434908314
train,2156525932845287552,233539823,23,0.753312428900385,0.04921750371585834
train,2156525932845287552,233539823,26,0.7582046543844556,0.04930877684302409
train,2156683197367755008,233606339,15,2.2425431262689175,0.08447862708558977
train,2156683197367755008,233606339,17,2.237504810035233,0.08434454381132434
train,2156683197367755008,233606339,20,2.2357145097622695,0.08429691254999847
train,2156683197367755008,233606339,21,2.244559144999041,0.08453229446646977
train,2156683197367755008,233606339,22,2.243542962003721,0.08450524207423948
train,2156683197367755008,233606339,25,2.259710603585318,0.08493591774943157
train,2156683197367755008,233606339,41,2.244577935486035,0.08453279472018102
train,2156993775042959872,233545407,14,1.1872691887625206,0.058194181902642625
train,2156993775042959872,233545407,15,1.187884910647172,0.05820799044983991
train,2156993775042959872,233545407,16,1.187960826007714,0.05820969314959978
train,2156993775042959872,233545407,19,1.1942491565628968,0.058350867788053165
train,2156993775042959872,233545407,20,1.1919290549373651,0.05829875009485342
train,2156993775042959872,233545407,21,1.1890553358434326,0.05823424612913964
train,2156993775042959872,233545407,22,1.185993450889739,0.058165579559077744
train,2156993775042959872,233545407,24,1.188993645593909,0.05823286202684467
train,2156993775042959872,233545407,25,1.1831166458750666,0.0581011211712361
train,2156993775042959872,233545407,26,1.1897526030213401,0.05824989201553116
train,2156993775042959872,233545407,40,1.198769793975698,0.058452520377334484
train,2156993775042959872,233545407,41,1.1876503145819002,0.058202728957619874
train,2157200036552027008,233538482,14,2.633983105826216,0.0950479080728075
train,2157200036552027008,233538482,15,2.6283936929597997,0.0948951108249195
train,2157200036552027008,233538482,16,2.6419609260881645,0.09526608047179141
train,2157200036552027008,233538482,17,2.632905408881177,0.0950184434137952
train,2157200036552027008,233538482,18,2.6465175461879795,0.0953907358703944
train,2157200036552027008,233538482,19,2.6370501587859723,0.09513177231516451
train,2157200036552027008,233538482,20,2.6366808735059823,0.09512167396175208
train,2157200036552027008,233538482,21,2.63249685198541,0.0950072737763492
train,2157200036552027008,233538482,22,2.6451583287953087,0.09535354845330364
train,2157200036552027008,233538482,23,2.6351188604376574,0.09507896199163297
train,2157200036552027008,233538482,24,2.637255119364494,0.09513737719012223
train,2157200036552027008,233538482,25,2.631624879885223,0.09498343557972073
train,2157200036552027008,233538482,26,2.642111346342076,0.09527019500940691
train,2157200036552027008,233538482,40,2.6338748272967667,0.09504494761411213
train,2157200036552027008,233538482,41,2.640925793325086,0.09523776679035248
train,2157516210568600960,353734938,15,0.8534810861817406,0.051137320475448486
train,2157516210568600960,353734938,16,0.8573622806545935,0.051213784422122904
train,2157516210568600960,353734938,17,0.8521302522300385,0.0511107425038501
train,2157516210568600960,353734938,18,0.9716083987293713,0.05352840410965693
train,2157516210568600960,353734938,19,0.845848793232796,0.050987391770753177
train,2157516210568600960,353734938,20,0.8355145093873979,0.05078531450953551
train,2157516210568600960,353734938,21,0.8080682101744447,0.0502539093845694
train,2157516210568600960,353734938,22,1.0808557212582675,0.05584760577391135
train,2157516210568600960,353734938,24,0.8221850627175162,0.05052626752287795
train,2157516210568600960,353734938,26,1.00456197851818,0.05421768848635795
train,2157521231386281344,389917444,40,1.6376035776619953,0.0688714258611031
train,2157620531030387328,357685774,15,0.9060480445042385,0.052185361656857186
train,2157620531030387328,357685774,16,0.8948140580203265,0.051959167069668695
train,2157620531030387328,357685774,19,-0.2719164,0.03850000009024541
train,2157620531030387328,357685774,20,0.9500763275998876,0.05308306906876233
train,2157620531030387328,357685774,23,0.8922389006355018,0.051907484124995955
train,2157620531030387328,357685774,24,0.8917522077457976,0.051897723342384884
train,2157620531030387328,357685774,26,0.8755504707628377,0.05157408211794102
train,2157620531030387328,357685774,40,0.9025497583632331,0.05211479728029564
train,2157620531030387328,357685774,41,0.8856954820164555,0.05177644207570954
train,2158212854262541952,233724023,14,1.698649344502417,0.0703924793316681
train,2158212854262541952,233724023,15,1.695921490123501,0.07032420118501448
train,2158212854262541952,233724023,16,1.6948823814401264,0.0702981997679267
train,2158212854262541952,233724023,17,1.6970736405560558,0.07035303603503018
train,2158212854262541952,233724023,18,1.7001112321649992,0.07042908199722696
train,2158212854262541952,233724023,19,1.6980894642797566,0.07037846323056791
train,2158212854262541952,233724023,20,1.7010926914373183,0.07045366027253981
train,2158212854262541952,233724023,21,1.698807624915556,0.07039644195640003
train,2158212854262541952,233724023,22,1.695674264409183,0.07031801453018104
train,2158212854262541952,233724023,23,1.695250315032903,0.07030740602869574
train,2158212854262541952,233724023,24,1.6949365185268646,0.07029955432816502
train,2158212854262541952,233724023,25,1.698576783203005,0.07039066275716943
train,2158212854262541952,233724023,26,1.6940662658840595,0.07027778115333595
train,2158212854262541952,233724023,40,1.6969054403223056,0.07034882617538574
train,2158212854262541952,233724023,41,1.697282073212775,0.07035825301565996
train,2160336560972583168,233728330,14,0.9752505288140654,0.05360413109445713
train,2160336560972583168,233728330,15,0.9756666618804029,0.05361279058795675
train,2160336560972583168,233728330,16,0.9749321198208962,0.053597506189941066
train,2160336560972583168,233728330,17,1.0331963371757653,0.05482397518229709
train,2160336560972583168,233728330,18,1.032640290691549,0.054812138274848564
train,2160336560972583168,233728330,19,0.9697422257256212,0.05348964712394626
train,2160336560972583168,233728330,20,0.9755345094248851,0.053610040408741386
train,2160336560972583168,233728330,22,0.9699563093332801,0.053494091716833336
train,2160336560972583168,233728330,23,1.039442626060376,0.054957114337182464
train,2160336560972583168,233728330,24,1.0308864978023604,0.054774820505896334
train,2160336560972583168,233728330,25,0.9808474780628376,0.0537207249196293
train,2160336560972583168,233728330,26,0.9769526341466039,0.053639560353479374
train,2160336560972583168,233728330,40,1.0327245591944665,0.0548139319909325
train,2160357760931153792,233728302,14,1.2059764106446673,0.05861485098428298
train,2160357760931153792,233728302,15,1.2071769207860445,0.05864192602924945
train,2160357760931153792,233728302,17,1.2029544668803915,0.058546739261693126
train,2160357760931153792,233728302,18,1.2004779935875378,0.058490966882423646
train,2160357760931153792,233728302,19,1.170904796373906,0.057828124412545555
train,2160357760931153792,233728302,20,1.2110226913061135,0.05872872321462663
train,2160357760931153792,233728302,22,1.1996668682851006,0.05847270844615543
train,2160357760931153792,233728302,23,1.196805709187621,0.0584083385941772
train,2160357760931153792,233728302,25,1.209215893334709,0.05868793257588697
train,2160357760931153792,233728302,26,1.20215852555009,0.058528809532534275
train,2160357760931153792,233728302,40,1.1987697721828532,0.05845251988696567
train,2160925697342018048,233084585,14,0.4327477811504371,0.04389083446286246
train,2160925697342018048,233084585,16,0.4303316169106197,0.043856186305826654
train,2160925697342018048,233084585,18,0.4292838148522561,0.04384118917266521
train,2160925697342018048,233084585,25,0.43276328141034615,0.04389105703459021
train,2161457792250242816,233090383,15,0.7095033437461622,0.04841220471552067
train,2161457792250242816,233090383,16,0.7106749804434949,0.048433454825463046
train,2161457792250242816,233090383,18,0.7178680377813892,0.04856426632881143
train,2161457792250242816,233090383,19,0.7147921736110491,0.04850825571619372
train,2161457792250242816,233090383,20,0.71537109065002,0.048518789249091726
train,2161457792250242816,233090383,21,0.7127698298463147,0.0484714892537986
train,2161457792250242816,233090383,22,0.7140544065271934,0.048494837509808916
train,2161457792250242816,233090383,23,0.711602869545282,0.048450295422410604
train,2161457792250242816,233090383,24,0.7146722022192633,0.04850607329502043
train,2161457792250242816,233090383,25,0.7133301916015024,0.04848167193743947
train,2161457792250242816,233090383,26,0.7142702518447757,0.04849876256185148
train,2161457792250242816,233090383,40,0.7124945055740066,0.0484664875032661
train,2161457792250242816,233090383,41,0.7095369134704799,0.0484128133504273
train,2161650275505186688,233080291,15,0.2296891609622238,0.04131984991150804
train,2161650275505186688,233080291,16,0.23058665554655056,0.04132960232988679
train,2161650275505186688,233080291,17,0.2381276561610165,0.0414121412377028
train,2161650275505186688,233080291,19,0.906486846276801,0.05219422084968497
train,2161650275505186688,233080291,20,0.4536417820124332,0.04419425223643507
train,2161650275505186688,233080291,22,0.40360702760365386,0.043479119294898214
train,2161650275505186688,233080291,23,0.23295682503324466,0.04135542991267741
train,2161650275505186688,233080291,24,0.24035075884461743,0.041436676732318406
train,2161650275505186688,233080291,25,0.23701892546302772,0.041399939083974546
train,2161650275505186688,233080291,26,0.23304492867044424,0.041356392002988275
train,2161650275505186688,233080291,40,0.45156631373511325,0.04416381059067375
train,2235329339958948608,424901450,14,1.5177684887813823,0.06593050481456837
train,2235329339958948608,424901450,16,1.5259539668606985,0.066129370324801
train,2235329339958948608,424901450,40,1.5130696660753433,0.06581648713516162
train,2235378710605896448,421370952,14,1.1747975170636957,0.05791503615842547
train,2235378710605896448,421370952,15,1.9724000338774716,0.07737552592605308
train,2235378710605896448,421370952,16,1.1794623395018962,0.058019322573196745
train,2235378710605896448,421370952,17,1.1743569851571338,0.0579051953216304
train,2235378710605896448,421370952,20,1.172835418568617,0.057871215950556026
train,2235378710605896448,421370952,40,1.9696940085597336,0.07730534306181185
train,2235378710605896448,421370952,41,1.17506784290447,0.0579210754969692
train,2235819893943068288,352371843,14,0.6579456454426867,0.047493279319243194
train,2235819893943068288,352371843,15,0.6570828431235883,0.04747817602379137
train,2235819893943068288,352371843,16,0.6374697090098412,0.047137353660553334
train,2235819893943068288,352371843,17,0.6348145824042134,0.04709158668468454
train,2235819893943068288,352371843,20,0.6318490547874167,0.047040575056816226
train,2235819893943068288,352371843,40,0.6354020987027491,0.047101706126510545
train,2235819893943068288,352371843,41,0.6340215607749726,0.0470779345462332
train,2235848653043761152,293878025,14,0.9440715906354338,0.05295960493036736
train,2235848653043761152,293878025,15,0.9885019983953709,0.05388061467789007
train,2235848653043761152,293878025,16,0.9911198625136683,0.053935411518951495
train,2235848653043761152,293878025,17,2.203297401957874,0.08343568845567649
train,2235848653043761152,293878025,20,0.943711782143638,0.05295221705914326
train,2235848653043761152,293878025,23,0.9430482035657306,0.05293859497308444
train,2235848653043761152,293878025,40,0.9437717845363633,0.05295344899522254
train,2235848653043761152,293878025,41,0.942292116872012,0.05292307865549817
train,2235984236571505792,352299987,16,-0.2719164,0.03850000009024541
train,2235984236571505792,352299987,24,0.33521534163952493,0.042567309090203925
train,2235984236571505792,352299987,40,0.33889278540119716,0.04261433674439931
train,2237263758868898432,165305712,14,1.2122125321601704,0.05875559697291682
train,2237263758868898432,165305712,15,1.1621310634804474,0.057632617191113046
train,2237263758868898432,165305712,16,1.1584051728075837,0.05754975319400311
train,2237263758868898432,165305712,17,1.1580345420007856,0.057541515618679574
train,2237263758868898432,165305712,24,1.1573729084430482,0.05752681264338125
train,2237263758868898432,165305712,41,1.156194135388325,0.05750062522754837
train,2237287604527289088,256511647,14,1.2246842038589956,0.0590378365955569
train,2237287604527289088,256511647,15,1.2264381246230684,0.05907760931649135
train,2237287604527289088,256511647,16,1.1439574801529615,0.057229352570656596
train,2237287604527289088,256511647,17,1.2254144293201943,0.05905439312151965
train,2237287604527289088,256511647,24,1.226940087172577,0.059088995693692956
train,2237287604527289088,256511647,41,1.2253977296141907,0.05905401444789074
train,2237584747545756800,256325451,14,1.7672019227578815,0.07211742127537525
train,2237584747545756800,256325451,15,1.7666174382210846,0.07210264235228563
train,2237584747545756800,256325451,16,1.763480531609318,0.07202334508436041
train,2237584747545756800,256325451,17,1.766354899288811,0.07209600434450184
train,2237584747545756800,256325451,18,1.768772247718178,0.07215713354121737
train,2237584747545756800,256325451,20,1.7711026914560624,0.07221608463696375
train,2237584747545756800,256325451,21,1.7629438764622758,0.07200978257459446
train,2237584747545756800,256325451,24,1.7708289390579852,0.07220915878217071
train,2237584747545756800,256325451,41,1.7664440117436888,0.07209825742745997
train,2237671432866404992,256369618,14,1.2808067265037077,0.060320110055412414
train,2237671432866404992,256369618,17,0.9945095175728269,0.05400644939426415
train,2237671432866404992,256369618,24,1.1953186422955187,0.05837490432141121
train,2238110520262573184,256384025,14,1.0313732925272086,0.05478517619536683
train,2238110520262573184,256384025,15,1.0335169411952054,0.05483080121005078
train,2238110520262573184,256384025,16,1.1405476628605589,0.05715394882551765
train,2238110520262573184,256384025,17,1.156701876427694,0.057511903926614906
train,2238110520262573184,256384025,18,1.1457274496002476,0.05726852561769726
train,2238110520262573184,256384025,21,1.048846947144769,0.05515815366999006
train,2238110520262573184,256384025,24,1.0372114179102256,0.05490952042325338
train,2238110520262573184,256384025,41,1.030369418614023,0.054763822661908684
train,2238183019310938624,256660246,14,0.9281614686829347,0.052634036695115335
train,2238183019310938624,256660246,15,0.9473951065997097,0.053027900535333745
train,2238183019310938624,256660246,16,0.9438784295003027,0.05295563865020862
train,2238183019310938624,256660246,17,0.9311903167323434,0.05269583986034659
train,2238183019310938624,256660246,21,0.9350969938021572,0.05277567766668444
train,2238183019310938624,256660246,24,0.9423470832790497,0.05292420649704598
train,2239047750844172288,229494598,14,2.303483805807355,0.08610476764599849
train,2239047750844172288,229494598,15,2.3067967518191006,0.08619339529487657
train,2239047750844172288,229494598,16,2.2971738647179016,0.08593602773833026
train,2239047750844172288,229494598,17,2.298403657559051,0.08596890824470084
train,2239047750844172288,229494598,20,2.299359964324763,0.08599447883815718
train,2239047750844172288,229494598,21,2.308671416746547,0.08624355624080551
train,2239047750844172288,229494598,23,2.3485266066450707,0.08731167129168077
train,2239047750844172288,229494598,24,2.3083935019679807,0.08623611953675171
train,2239047750844172288,229494598,40,2.432248537310155,0.08956557829938674
train,2239151826492029184,229447349,17,1.09192689584766,0.056087902677973187
train,2239151826492029184,229447349,20,1.172835418568617,0.057871215950556026
train,2239151826492029184,229447349,24,1.0941293569189798,0.05613581670140917
train,2239494564881188864,284454999,14,1.979220341637906,0.07755250872291729
train,2239494564881188864,284454999,15,1.9788785723634812,0.07754363686646211
train,2239494564881188864,284454999,16,1.976723783554071,0.07748770918808978
train,2239494564881188864,284454999,17,1.979466328820607,0.07755889441453084
train,2239494564881188864,284454999,18,1.9819785243454506,0.07762411946084415
train,2239494564881188864,284454999,19,1.976661323520548,0.07748608823115075
train,2239494564881188864,284454999,20,1.9811326915122927,0.0776021567958429
train,2239494564881188864,284454999,22,1.9738497239357085,0.07741313338434404
train,2239494564881188864,284454999,23,1.7835586672633663,0.07253149499062575
train,2239494564881188864,284454999,24,1.9732050986399903,0.07739640995140011
train,2239494564881188864,284454999,25,1.979225065983348,0.07755263136270028
train,2239494564881188864,284454999,26,1.9755003196250935,0.07745595999110147
train,2239494564881188864,284454999,40,1.9756241948257645,0.0774591743895631
train,2239494564881188864,284454999,41,1.9803460302600013,0.07758173238524123
train,2240438255096189056,230021080,14,1.8233244454025936,0.07354201747064991
train,2240438255096189056,230021080,15,1.8116323810209194,0.07324434351334452
train,2240438255096189056,230021080,16,1.8080022221903327,0.07315201508891682
train,2240438255096189056,230021080,17,1.8223931151819601,0.07351828950871961
train,2240438255096189056,230021080,18,1.815070783253719,0.07333183585231909
train,2240438255096189056,230021080,20,1.8156545096498082,0.0733466930927813
train,2240438255096189056,230021080,21,1.823398495759571,0.07354390421241098
train,2240438255096189056,230021080,22,1.8090806628013059,0.07317943918830219
train,2240438255096189056,230021080,23,1.8151130638638662,0.0733329119570526
train,2240438255096189056,230021080,24,1.8150979508484417,0.07333252730752757
train,2240438255096189056,230021080,25,1.8077862377177805,0.0731465232062325
train,2240438255096189056,230021080,26,1.8267500028673787,0.07362931694473455
train,2240438255096189056,230021080,40,1.8155091656429267,0.07334299363125099
train,2240438255096189056,230021080,41,1.8293563701308393,0.07369576567259242
train,2240680903568955904,229487154,14,1.3681084283954825,0.06235214513677972
train,2240680903568955904,229487154,15,1.1364082390233992,0.05706252173064218
train,2240680903568955904,229487154,16,1.3680534619685543,0.062350852181941495
train,2240680903568955904,229487154,17,1.36613282794589,0.06230568420343026
train,2240680903568955904,229487154,18,1.372817733981815,0.06246298161685883
train,2240680903568955904,229487154,20,1.3701363277123488,0.06239985819851743
train,2240680903568955904,229487154,21,1.1321052154571725,0.05696761081426041
train,2240680903568955904,229487154,23,1.08099402448342,0.05585060188038288
train,2240680903568955904,229487154,24,1.3660744446316349,0.062304311506392596
train,2240680903568955904,229487154,25,1.1309181509557817,0.056941451308647556
train,2240680903568955904,229487154,40,1.1276075587833254,0.05686854882437095
train,2240680903568955904,229487154,41,1.1310291920334645,0.056943897907622255
train,2240813326000975488,229497381,14,-0.2719164,0.03850000009024541
train,2240813326000975488,229497381,16,0.1856570588979402,0.04086018013005657
train,2240813326000975488,229497381,17,0.18434388723606981,0.040847043766635296
train,2240813326000975488,229497381,18,0.28394282120681713,0.041936182836343684
train,2240813326000975488,229497381,19,0.19734166254607344,0.040978539258370084
train,2240813326000975488,229497381,20,0.18669456339871887,0.04087058254212408
train,2240813326000975488,229497381,21,0.19013048508753788,0.04090518151715412
train,2240813326000975488,229497381,22,0.1830384730906801,0.0408340182481469
train,2240813326000975488,229497381,23,0.1947598632955268,0.04095215977865243
train,2240813326000975488,229497381,25,0.19134524240865347,0.04091746859130183
train,2240813326000975488,229497381,41,0.2691298821294975,0.041762552657854536
train,2240825004013783552,229474338,14,1.3556367566966576,0.06205920403127657
train,2240825004013783552,229474338,15,1.3550522469083104,0.06204549582853813
train,2240825004013783552,229474338,16,1.3535404543405138,0.062010049343990785
train,2240825004013783552,229474338,17,1.3511734742660189,0.06195457709688884
train,2240825004013783552,229474338,18,1.357588714222724,0.06210499599344346
train,2240825004013783552,229474338,20,1.3510426913436004,0.061951512994429275
train,2240825004013783552,229474338,21,1.354741811883524,0.062038216128877284
train,2240825004013783552,229474338,23,1.350262604113615,0.06193323837523591
train,2240825004013783552,229474338,24,1.3534258666808114,0.06200736316395843
train,2240825004013783552,229474338,25,1.3527617543627424,0.061991796387516986
train,2240825004013783552,229474338,40,1.3529546368925052,0.061996317296503116
train,2240825004013783552,229474338,41,1.3575136822272076,0.06210323538983708
train,2241368991690367488,377784436,14,0.9939582774307336,0.05399489031912357
train,2241368991690367488,377784436,15,0.994932704509633,0.054015325028830385
train,2241368991690367488,377784436,17,0.9921489859491115,0.053956968880221556
train,2241368991690367488,377784436,18,0.9997067498840884,0.054115556772503605
train,2241368991690367488,377784436,19,0.9920266517329595,0.053954405839992316
train,2241368991690367488,377784436,20,0.9946281457936332,0.054008937269784674
train,2241368991690367488,377784436,21,0.9949645903031206,0.05401599384077576
train,2241368991690367488,377784436,22,1.0006251013327865,0.05413485958344881
train,2241368991690367488,377784436,23,0.9931897369243368,0.05397877889587205
train,2241368991690367488,377784436,24,0.9992656840577552,0.05410628852569974
train,2241368991690367488,377784436,25,0.9938971017926588,0.053993607671488864
train,2241368991690367488,377784436,40,0.9971434421255265,0.05406171600452167
train,2241368991690367488,377784436,41,0.9926220035817326,0.05396688032274334
train,2241563124211295488,256323002,19,0.9170751610797645,0.05240853583535193
train,2241927818475549568,229441691,14,2.128880402023805,0.08146785121317791
train,2241927818475549568,229441691,15,0.8341650516530805,0.05075900662882366
train,2241927818475549568,229441691,16,2.1313817959584407,0.08153378139935058
train,2241927818475549568,229441691,17,2.1312995810589124,0.08153161418673918
train,2241927818475549568,229441691,18,-0.2642363106679264,0.038500700026880955
train,2241927818475549568,229441691,19,0.9211857617000618,0.05249201619264489
train,2241927818475549568,229441691,20,0.880066327581144,0.051664036643299466
train,2241927818475549568,229441691,21,0.9281275857532088,0.05263334579042966
train,2241927818475549568,229441691,22,0.9301373169486129,0.0526743441279538
train,2241927818475549568,229441691,23,0.9289090268546778,0.05264928276118851
train,2241927818475549568,229441691,25,0.9286489831435527,0.05264397872692349
train,2241927818475549568,229441691,26,0.9155328455820171,0.05237725373890193
train,2241927818475549568,229441691,40,0.9200510218094897,0.052468955760625824
train,2241927818475549568,229441691,41,0.8353411076138555,0.05078193298350445
train,2242343811827541632,229450864,18,0.8636501555939351,0.05133797790902888
train,2242343811827541632,229450864,20,0.8737017821248945,0.05153731357687237
train,2242477539929433344,229464472,14,1.2558633831060577,0.05974778808910666
train,2242477539929433344,229464472,16,1.2567541031373053,0.059768159631653564
train,2242477539929433344,229464472,17,1.276376705866663,0.06021818625279569
train,2242477539929433344,229464472,18,1.2626329994512635,0.059902738413377656
train,2242477539929433344,229464472,19,1.2818910664000807,0.060345076110315886
train,2242477539929433344,229464472,20,1.2746681458686075,0.06017890831871311
train,2242477539929433344,229464472,21,1.3027444913587078,0.060826578884014056
train,2242477539929433344,229464472,22,1.201152877521353,0.05850616184626726
train,2242477539929433344,229464472,23,1.2781624352896226,0.060259257166096085
train,2242477539929433344,229464472,24,2.9218495325829172,0.10297758152371486
train,2242477539929433344,229464472,25,1.274464011983815,0.06017421668965135
train,2242477539929433344,229464472,26,1.2827295952719813,0.06036438742729815
train,2242477539929433344,229464472,40,1.2521414477862631,0.05966271759342727
train,2242477539929433344,229464472,41,1.300892559678772,0.0607837134979434
train,2244263078094070912,256925842,14,2.147587909572043,0.08196130114767933
train,2244263078094070912,256925842,15,2.152459805076811,0.08208994655955315
train,2244263078094070912,256925842,17,2.1462730377854298,0.08192659092648177
train,2244263078094070912,256925842,18,2.1633607876526364,0.08237799934321467
train,2244263078094070912,256925842,21,2.1332591662091014,0.08158327401114791
train,2244263078094070912,256925842,24,2.150286277582688,0.08203254618000634
train,2244614097180516096,236968730,15,0.8791799944529153,0.051646365657488036
train,2244614097180516096,236968730,16,0.8704549832110673,0.05147281818480859
train,2244614097180516096,236968730,17,0.8735417547404667,0.051534132349916204
train,2244614097180516096,236968730,18,0.870260081931816,0.051468949863193905
train,2244614097180516096,236968730,21,0.8727837161270877,0.05151906646946711
train,2244614097180516096,236968730,24,0.8727799045495208,0.05151899072912208
train,2244614097180516096,236968730,25,0.8699259376745323,0.05146231876273036
train,2244614097180516096,236968730,41,0.873088522646146,0.05152512377464757
train,2244782219379364480,236876436,14,1.36187259254607,0.062205567515325806
train,2244782219379364480,236876436,15,1.3679136591368346,0.06234756372632674
train,2244782219379364480,236876436,16,1.3635819081797294,0.06224572491786279
train,2244782219379364480,236876436,17,1.3616981912252688,0.06220147116318084
train,2244782219379364480,236876436,18,1.3743796834067394,0.06249976975298702
train,2244782219379364480,236876436,21,1.36247554633133,0.06221973103230677
train,2244782219379364480,236876436,24,1.359750155656223,0.06215572694231678
train,2244782219379364480,236876436,41,1.3638049180659229,0.06225096533276705
train,2246542674933239552,403585075,15,0.7119816354821007,0.04845717266785788
train,2246542674933239552,403585075,16,0.7195139903567386,0.04859428365295807
train,2246542674933239552,403585075,17,0.717244728631814,0.04855290718833527
train,2246542674933239552,403585075,18,0.7179698843409071,0.04856612280051912
train,2246542674933239552,403585075,21,0.7035819625334029,0.04830505370705673
train,2246542674933239552,403585075,22,0.7056166971992484,0.04834182711013546
train,2246542674933239552,403585075,24,0.7020241022134045,0.048276931673861774
train,2246542674933239552,403585075,25,0.6937559770047473,0.04812815767353571
train,2247045667140965504,255869565,15,1.072101177880778,0.055658250550370124
train,2247045667140965504,255869565,16,1.0692757100921384,0.05559726295261605
train,2247045667140965504,255869565,17,1.054458749756296,0.055278452358367765
train,2247045667140965504,255869565,22,1.0610214005878311,0.05541944749481651
train,2247045667140965504,255869565,24,1.0561842848364607,0.055315491937097956
train,2247045667140965504,255869565,25,1.0526207117024575,0.05523902354121407
train,2247062400336982400,387239028,15,0.9692098800525846,0.05347859680871818
train,2247062400336982400,387239028,16,0.9633220871065695,0.053356543430280755
train,2247062400336982400,387239028,17,0.9656905674444474,0.05340560554661642
train,2247062400336982400,387239028,18,0.9656906311772824,0.05340560686747386
train,2247062400336982400,387239028,22,0.9617265749569874,0.05332352062530146
train,2247062400336982400,387239028,24,0.9613199502052849,0.053315108144979785
train,2247062400336982400,387239028,25,0.961273324688495,0.05331414362261487
train,2247321988160363520,256460047,14,2.2785404624097048,0.08543822213005868
train,2247321988160363520,256460047,15,2.0624299194771414,0.0797221254785404
train,2247321988160363520,256460047,17,2.0617427740598986,0.07970413249518396
train,2247321988160363520,256460047,18,2.073352642899996,0.08000830359169657
train,2247321988160363520,256460047,20,2.057507236987286,0.0795932517833988
train,2247321988160363520,256460047,21,2.057306253591972,0.07958799147661468
train,2247321988160363520,256460047,22,2.0592861171293118,0.07963981476034386
train,2247321988160363520,256460047,24,2.0554219429515124,0.07953867887933055
train,2247321988160363520,256460047,25,2.0639662476379996,0.07976235887866515
train,2247321988160363520,256460047,41,2.062132096163298,0.07971432678841536
train,2247447641723252096,256749121,14,1.36187259254607,0.062205567515325806
train,2247447641723252096,256749121,15,1.3718650582499132,0.062440550038531016
train,2247447641723252096,256749121,16,1.3737865232879487,0.062485797665625495
train,2247447641723252096,256749121,17,1.375147613352305,0.06251786144006043
train,2247447641723252096,256749121,18,1.3743796834067394,0.06249976975298702
train,2247447641723252096,256749121,21,1.3750288873940568,0.06251506416213874
train,2247447641723252096,256749121,22,1.3751194607145494,0.0625171981346269
train,2247447641723252096,256749121,25,1.3592865662276532,0.06214484391235976
train,2247447641723252096,256749121,41,1.376387389743353,0.06254707612334529
train,2249180128450868992,326258494,14,1.923097394712755,0.07610016874727482
train,2249180128450868992,326258494,15,1.9209543849633752,0.0760448967088525
train,2249180128450868992,326258494,16,1.9195270152156259,0.0760080899795395
train,2249180128450868992,326258494,17,1.9175883702023395,0.0759581091517336
train,2249180128450868992,326258494,18,1.915523303415436,0.0759048815077978
train,2249180128450868992,326258494,19,1.9181690905170006,0.07597307969656367
train,2249180128450868992,326258494,20,1.9238518108770244,0.07611962977260986
train,2249180128450868992,326258494,21,1.9203744820967403,0.07602994235956186
train,2249180128450868992,326258494,24,1.9162875854924544,0.07592457957577255
train,2249180128450868992,326258494,25,1.9204208883351022,0.07603113903143871
train,2249180128450868992,326258494,26,1.918098095820812,0.07597124945053253
train,2249180128450868992,326258494,40,1.9222524859179664,0.07607837539351177
train,2249180128450868992,326258494,41,1.9204629391616785,0.07603222339646452
train,2249332376450885376,264304016,14,0.8879488437970808,0.05182152311808787
train,2249332376450885376,264304016,18,0.8866683965857041,0.05179590038734901
train,2249332376450885376,264304016,19,0.8915304269979936,0.051893276203010284
train,2249332376450885376,264304016,21,0.799876970922156,0.05009682691728673
train,2249332376450885376,264304016,22,0.8890321707010023,0.051843213516563284
train,2249332376450885376,264304016,23,0.8900521115080313,0.0518636450008491
train,2249332376450885376,264304016,26,0.803239445719528,0.050161223502379
train,2249332376450885376,264304016,40,0.8963302770968633,0.05198962663451229
train,2249452188858206080,280034947,14,0.17706369437306346,0.040774825354051754
train,2249452188858206080,280034947,15,0.17180232188408456,0.04072327812755863
train,2249452188858206080,280034947,16,0.16449438115228282,0.040652581945145955
train,2249452188858206080,280034947,17,0.1768642103961342,0.040772861065415104
train,2249452188858206080,280034947,18,0.1705647950624632,0.04071123256111296
train,2249452188858206080,280034947,19,0.172028590400023,0.04072548378145739
train,2249452188858206080,280034947,20,0.1636359148278152,0.04064434629360457
train,2249452188858206080,280034947,21,0.1672371869875136,0.04067899230714254
train,2249452188858206080,280034947,22,0.16755125353595346,0.04068202589868452
train,2249452188858206080,280034947,23,0.17395523813680275,0.04074430532784338
train,2249452188858206080,280034947,24,0.17078382827882016,0.040713362348019276
train,2249452188858206080,280034947,25,0.17177090835353254,0.04072297198950744
train,2249452188858206080,280034947,26,0.16659846720573285,0.040672828858721685
train,2249452188858206080,280034947,40,0.16832701908924452,0.04068952739570679
train,2249452188858206080,280034947,41,0.1693925250242867,0.04069984992388745
train,2249761976260149248,403332388,15,1.3036065979942135,0.06084654036523859
train,2249761976260149248,403332388,16,1.3027110212686228,0.060825803995538885
train,2249761976260149248,403332388,17,2.2783040177643166,0.08543191004455979
train,2249761976260149248,403332388,18,-0.2719164,0.03850000009024541
train,2249761976260149248,403332388,19,1.297120481475853,0.06069646645685731
train,2249761976260149248,403332388,21,1.3017485576644265,0.06080352417993463
train,2249761976260149248,403332388,22,1.3021632248971908,0.060813122532747205
train,2249761976260149248,403332388,24,1.3028315548775178,0.06082859458076065
train,2249761976260149248,403332388,25,1.3005636193117844,0.06077610185789419
train,2249764553240501632,403114253,15,0.7312737538248868,0.04880965415756638
train,2249764553240501632,403114253,16,0.7376286984525031,0.04892669726397941
train,2249764553240501632,403114253,17,0.7331704705306421,0.048844539164256504
train,2249764553240501632,403114253,19,0.7373858562834819,0.04892221626332195
train,2249764553240501632,403114253,22,0.7906195752165743,0.0499201507293524
train,2249764553240501632,403114253,24,0.733645547090463,0.04885328333274397
train,2249764553240501632,403114253,25,0.7459544838698688,0.04908072976546712
train,2249805303890663808,349917921,15,1.2429410223087434,0.05945279967129753
train,2249805303890663808,349917921,16,1.292625491077639,0.060592608844383014
train,2249805303890663808,349917921,18,1.2524318253766105,0.05966935151031759
train,2249805303890663808,349917921,19,1.313833129524054,0.061083661049416475
train,2249805303890663808,349917921,22,1.2937275807636277,0.060618061720921525
train,2249805303890663808,349917921,24,1.340777288729988,0.061711304331671976
train,2249805303890663808,349917921,25,1.248365112446663,0.059576492069748355
train,2250256515971752832,255865351,16,0.4472162685927161,0.044100222124280934
train,2250256515971752832,255865351,18,0.5216690295747392,0.04522785130276822
train,2250256515971752832,255865351,25,0.4304902399055226,0.043858458172056095
train,2250430719847274752,349917160,18,0.8371431046887039,0.05081708875718999
train,2250430719847274752,349917160,24,0.4617011211477593,0.04431308739698298
train,2250430719847274752,349917160,25,0.8438266842419715,0.0509477668783664
train,2250586644340119936,258514241,15,0.38401562365473385,0.04320999703576358
train,2250586644340119936,258514241,18,0.5373972926106758,0.045476434579249644
train,2250586644340119936,258514241,22,0.6660594983854166,0.047635761169483905
train,2250586644340119936,258514241,25,-0.2719164,0.03850000009024541
train,2250677216610667776,258460849,14,1.9854557411534584,0.07771442920735877
train,2250677216610667776,258460849,15,1.9852614461059959,0.07770938210411422
train,2250677216610667776,258460849,16,1.983430522768584,0.07766182638325575
train,2250677216610667776,258460849,17,1.9869460056605426,0.07775314459092093
train,2250677216610667776,258460849,18,1.986263492042916,0.07773541288248599
train,2250677216610667776,258460849,19,1.985526161680531,0.07771625851175909
train,2250677216610667776,258460849,20,1.9874972662647645,0.0777674673041695
train,2250677216610667776,258460849,21,1.9884839117891129,0.07779310421594944
train,2250677216610667776,258460849,22,1.9891459877353246,0.07781030907681805
train,2250677216610667776,258460849,23,1.986569121643609,0.07774335297912803
train,2250677216610667776,258460849,24,1.985854764221983,0.0777247947601558
train,2250677216610667776,258460849,25,1.985669021916504,0.0777199696155904
train,2250677216610667776,258460849,26,1.9844163259490777,0.07768743009021119
train,2250677216610667776,258460849,40,1.98748453387769,0.07776713648485259
train,2250677216610667776,258460849,41,1.9908427524227676,0.0778544072308903
train,2250798472127596032,280163863,14,1.1810330720683861,0.05805447102715019
train,2250798472127596032,280163863,16,1.1939320382713214,0.05834374206788452
train,2250798472127596032,280163863,18,0.6893358513425925,0.04804895629372095
train,2250798472127596032,280163863,19,0.6853399855500497,0.04797755784133195
train,2250798472127596032,280163863,20,0.6891299763548715,0.04804527303378147
train,2250798472127596032,280163863,21,1.176901922081324,0.057962063741111576
train,2250798472127596032,280163863,22,0.682838977230153,0.04793296708210802
train,2250798472127596032,280163863,23,0.6865763756712573,0.047999629324459114
train,2250798472127596032,280163863,24,1.1763457753692832,0.05794963247962877
train,2250798472127596032,280163863,25,0.6880115885414252,0.04802527307975221
train,2250798472127596032,280163863,26,1.1771354745277438,0.0579672848466624
train,2250798472127596032,280163863,40,0.6887737608613798,0.04803890126457929
train,2250798472127596032,280163863,41,1.1750675222604856,0.05792106833317974
train,2250987278889256192,279980037,14,2.4843225126790847,0.09097406798447968
train,2250987278889256192,279980037,15,1.3036065979942135,0.06084654036523859
train,2250987278889256192,279980037,16,2.484100132098507,0.0909680427548713
train,2250987278889256192,279980037,18,1.3086694814348017,0.060963856033534373
train,2250987278889256192,279980037,19,2.4819298685751434,0.09090924571987256
train,2250987278889256192,279980037,20,2.4839318182891352,0.09096348248045194
train,2250987278889256192,279980037,21,1.3077433941328265,0.060942385775123606
train,2250987278889256192,279980037,22,2.4801597254218732,0.0908612949452984
train,2250987278889256192,279980037,23,2.4867030619234534,0.09103857257352306
train,2250987278889256192,279980037,24,1.3091558438529294,0.060975133791044654
train,2250987278889256192,279980037,25,2.4815548371351577,0.09089908616553255
train,2250987278889256192,279980037,26,1.3095007899894127,0.06098313323033049
train,2250987278889256192,279980037,40,1.3055131233896733,0.060890700161875484
train,2250987278889256192,279980037,41,2.4836442867395334,0.09095569225011532
train,2251529338122601728,360020620,15,1.20071530016602,0.05849630947938703
train,2251529338122601728,360020620,16,0.8537030167029589,0.05114168874064586
train,2251529338122601728,360020620,17,1.2001759419442695,0.05848416718831162
train,2251529338122601728,360020620,18,1.2081069076227218,0.05866290648804458
train,2251529338122601728,360020620,19,1.2112427612994876,0.058733693019943314
train,2251529338122601728,360020620,20,1.204658164995564,0.05858513158425447
train,2251529338122601728,360020620,21,1.1884545879536403,0.058220768643198355
train,2251529338122601728,360020620,22,1.2008827800170525,0.05850008025818032
train,2251529338122601728,360020620,24,1.2016429312709302,0.05851719726107097
train,2251529338122601728,360020620,25,1.1961666055815414,0.05839396758835081
train,2251529338122601728,360020620,40,1.1928395860046965,0.0583191995572557
train,2251529338122601728,360020620,41,1.2002324600389287,0.05848543946038322
train,2251636334347996160,417699758,14,0.6509871273224083,0.04737173411853107
train,2251636334347996160,417699758,15,0.6541052804537418,0.047426124861148944
train,2251636334347996160,417699758,16,0.6572003458477069,0.04748023235879826
train,2251636334347996160,417699758,17,0.6546797949293879,0.04743615945741197
train,2251636334347996160,417699758,18,0.6588199068555262,0.047508592600798025
train,2251636334347996160,417699758,19,0.6498600880973451,0.04735210469214591
train,2251636334347996160,417699758,20,0.6509427031222276,0.04737096009076977
train,2251636334347996160,417699758,21,0.6621901497629588,0.04756771302558093
train,2251636334347996160,417699758,22,0.6541245297946596,0.04742646100797978
train,2251636334347996160,417699758,23,0.6497260770033602,0.04734977170110358
train,2251636334347996160,417699758,40,0.6531926437924398,0.047410192981984005
train,2251637021542768384,366488066,14,0.33967060043739605,0.04262431325387007
train,2251637021542768384,366488066,15,-0.2719164,0.03850000009024541
train,2251637021542768384,366488066,16,0.27979214987473644,0.04188713082168905
train,2251637021542768384,366488066,17,0.3333601466877453,0.04254367275171944
train,2251637021542768384,366488066,18,0.9563503656044239,0.05321241164945452
train,2251637021542768384,366488066,19,0.2756049726292501,0.04183796223050694
train,2251637021542768384,366488066,20,0.26906997079578865,0.04176185848041008
train,2251637021542768384,366488066,21,0.2872766365927917,0.041975805652044354
train,2251637021542768384,366488066,22,0.28083671313324643,0.041899446097632506
train,2251637021542768384,366488066,23,0.3032580325793732,0.04216850276206676
train,2251637021542768384,366488066,24,0.3921339424182303,0.04332075786715212
train,2251637021542768384,366488066,25,0.33489124230703715,0.04256317559624509
train,2251637021542768384,366488066,40,0.34482296252829325,0.04269066028033879
train,2251637021542768384,366488066,41,0.26283852779191863,0.04169001367985845
train,2251801535969703808,229935987,14,1.2932783982025327,0.06060768692956414
train,2251801535969703808,229935987,15,1.2843475523198926,0.060401660944498996
train,2251801535969703808,229935987,16,1.2954884238283528,0.060658743571633526
train,2251801535969703808,229935987,17,1.2898805179941601,0.06052924488433388
train,2251801535969703808,229935987,18,1.1928489353791887,0.05831940956201429
train,2251801535969703808,229935987,19,1.2901778141452118,0.06053610538831371
train,2251801535969703808,229935987,20,1.293761782237356,0.06061885172321509
train,2251801535969703808,229935987,21,1.249209792608924,0.059595771006866874
train,2251801535969703808,229935987,22,1.2914953467298371,0.06056651555835015
train,2251801535969703808,229935987,23,1.2860551477983477,0.0604410165760885
train,2251801535969703808,229935987,24,1.2901822201805002,0.06053620706740821
train,2251801535969703808,229935987,25,1.2875136357136363,0.0604746447888127
train,2251801535969703808,229935987,40,1.2877225879661638,0.060479463624975985
train,2251801535969703808,229935987,41,1.2883100880013416,0.06049301389428148
train,2251845585154043776,229943919,14,1.3306934132990078,0.06147592202500485
train,2251845585154043776,229943919,16,1.3273800494160382,0.06139870631475206
train,2251845585154043776,229943919,17,1.328734443746212,0.061430261977235355
train,2251845585154043776,229943919,18,1.3316877224265704,0.06149910595748635
train,2251845585154043776,229943919,19,1.3332221824587096,0.06153489543996631
train,2251845585154043776,229943919,20,1.3319490549748523,0.061505200285622744
train,2251845585154043776,229943919,21,1.3319488742152672,0.061505196070138005
train,2251845585154043776,229943919,22,1.3261770903983678,0.061370687710550494
train,2251845585154043776,229943919,23,1.3331870540291078,0.061534075960599545
train,2251845585154043776,229943919,24,1.3281279356504716,0.06141612981345839
train,2251845585154043776,229943919,25,1.3266625069031,0.06138199274429222
train,2251845585154043776,229943919,26,1.3304483382855457,0.06147020856917637
train,2251845585154043776,229943919,40,1.3292338918283808,0.06144190112927293
train,2251845585154043776,229943919,41,1.3323487388723474,0.0615145217478798
train,2252125513942976384,230391862,14,0.9469126853811056,0.05301798106270366
train,2252125513942976384,230391862,16,0.9487491306417317,0.05305575282278913
train,2252125513942976384,230391862,18,0.4162210794540606,0.04365567838569054
train,2252125513942976384,230391862,19,0.9451514308988949,0.05298178399536525
train,2252125513942976384,230391862,20,0.3772672365374402,0.043118750445295645
train,2252125513942976384,230391862,21,0.9539647739618216,0.05316319048746943
train,2252125513942976384,230391862,22,0.9414900734397433,0.052906624807108095
train,2252125513942976384,230391862,23,0.9476474942361497,0.053033090916380664
train,2252125513942976384,230391862,24,0.4490521939294615,0.04412702387761434
train,2252125513942976384,230391862,25,0.9416986068733739,0.052910902297932404
train,2252125513942976384,230391862,26,0.45332232491118885,0.044189562332609435
train,2252125513942976384,230391862,40,0.4100550205935697,0.04356905332153304
train,2252125513942976384,230391862,41,0.8982534660010064,0.052028293072811545
train,2253548350709225856,233624810,14,0.6322797981648097,0.04704797756097614
train,2253548350709225856,233624810,15,0.6348131621109556,0.04709156222671317
train,2253548350709225856,233624810,16,0.6352722477935636,0.047099469183933866
train,2253548350709225856,233624810,17,0.9034883010163526,0.0521337175139895
train,2253548350709225856,233624810,18,0.6334677456762456,0.047068405167472405
train,2253548350709225856,233624810,20,0.6318490547874167,0.047040575056816226
train,2253548350709225856,233624810,21,0.8160959002043426,0.050408535460463685
train,2253548350709225856,233624810,23,0.63462036250897,0.04708824238444115
train,2253548350709225856,233624810,24,0.6324564853676579,0.04705101468716162
train,2253548350709225856,233624810,25,0.6350324492225751,0.04709533873446702
train,2253548350709225856,233624810,26,0.6357315865655646,0.047107383176189774
train,2253548350709225856,233624810,40,0.6354020852579699,0.047101705894886166
train,2253548350709225856,233624810,41,0.6403127966136876,0.04718645947091338
train,2253638579382566272,230380176,18,0.18844841983537902,0.04088821488752405
train,2253638579382566272,230380176,20,0.18633087284995775,0.04086693366344884
train,2253638579382566272,230380176,21,0.18212666282135875,0.040824939815398094
train,2253638579382566272,230380176,22,0.18524303095490258,0.04085603476727546
train,2254786710040637440,259098654,19,0.9343780321848489,0.052760974439619385
train,2254786710040637440,259098654,26,0.920329631362403,0.05247461663101163
train,2255305061053679744,229789168,20,0.4536417820124332,0.04419425223643507
train,2255305061053679744,229789168,22,1.24208691499262,0.05943333926242924
train,2255305061053679744,229789168,26,1.234999235768017,0.059272028156073006
train,2255305061053679744,229789168,41,0.4389930922410211,0.043980816645320095
train,2255343299144134656,416191150,14,1.1623255681361753,0.05763694562816291
train,2255343299144134656,416191150,15,1.1579918778706721,0.05754056743453605
train,2255343299144134656,416191150,17,1.104344138548145,0.056358510624007596
train,2255343299144134656,416191150,18,1.5971851998328188,0.06787259810350235
train,2255343299144134656,416191150,19,1.1525572537750377,0.057419890015964814
train,2255343299144134656,416191150,20,1.160106327656118,0.05758757501219258
train,2255343299144134656,416191150,21,1.1511693275502572,0.05738910380631709
train,2255343299144134656,416191150,22,0.9701542807463728,0.05349820215739978
train,2255343299144134656,416191150,23,1.152292107513162,0.05741400764578991
train,2255343299144134656,416191150,24,2.9787665585942396,0.10455815186842163
train,2255343299144134656,416191150,25,1.157017398415424,0.05751891367532133
train,2255343299144134656,416191150,26,1.1599943851189303,0.057585085573162116
train,2255343299144134656,416191150,40,1.1572584689357566,0.05752426985107363
train,2255343299144134656,416191150,41,1.5399591200479126,0.0664703350982993
train,2255485861993129344,229778044,14,0.7008738044749709,0.04825618518641216
train,2255485861993129344,229778044,15,0.7055506074653365,0.04834063191806216
train,2255485861993129344,229778044,17,0.7004415891916242,0.048248393890756414
train,2255485861993129344,229778044,18,0.6969648374643591,0.048185800778442506
train,2255485861993129344,229778044,19,0.6992132665000504,0.04822626366525323
train,2255485861993129344,229778044,20,0.7018590548061604,0.04827395396105121
train,2255485861993129344,229778044,21,0.7008945978297652,0.048256560071792125
train,2255485861993129344,229778044,22,0.6982216465001254,0.04820841102903776
train,2255485861993129344,229778044,23,0.7051615644440085,0.04833359735397235
train,2255485861993129344,229778044,24,0.7020236303959393,0.04827692316108095
train,2255485861993129344,229778044,25,0.7002805678716812,0.04824549181589095
train,2255485861993129344,229778044,26,0.7023189284847066,0.048282251598510954
train,2255485861993129344,229778044,40,0.7006341332176932,0.04825186449863293
train,2255485861993129344,229778044,41,0.7034798111430346,0.04830320882548356
train,2255618799824617600,229778368,14,1.1623255681361753,0.05763694562816291
train,2255618799824617600,229778368,15,1.1715721192682746,0.05784301619069894
train,2255618799824617600,229778368,16,1.1533809133576427,0.05743816635444361
train,2255618799824617600,229778368,17,0.6705228818318818,0.04771448427323155
train,2255618799824617600,229778368,18,1.2157358937444884,0.058835229867417224
train,2255618799824617600,229778368,19,1.1639681783250746,0.05767351012748277
train,2255618799824617600,229778368,20,0.6827654184374121,0.04793165673278492
train,2255618799824617600,229778368,21,1.1639899196903496,0.0576739942153208
train,2255618799824617600,229778368,22,0.671415086104595,0.04773024975305264
train,2255618799824617600,229778368,23,1.164583561417724,0.057687213356351685
train,2255618799824617600,229778368,24,1.1636965019472612,0.057667461324175856
train,2255618799824617600,229778368,25,1.157017398415424,0.05751891367532133
train,2255618799824617600,229778368,26,1.2102432766722697,0.05871112436856932
train,2255618799824617600,229778368,40,1.08016604861972,0.055832667350795395
train,2255618799824617600,229778368,41,1.1624850533712638,0.057640494950971434
train,2255671713821728384,229772978,14,0.4140254108477358,0.043624762480978276
train,2255671713821728384,229772978,16,0.40821233596527806,0.04354328410835167
train,2255671713821728384,229772978,17,0.4236935461140081,0.04376146826479499
train,2255671713821728384,229772978,18,0.40328533575855596,0.04347464999139278
train,2255671713821728384,229772978,19,0.4078743665500352,0.0435385636537882
train,2255671713821728384,229772978,21,0.4075749834248976,0.04353438367029976
train,2255671713821728384,229772978,22,0.4166342727375656,0.043661504906680894
train,2255671713821728384,229772978,25,0.42084008819087615,0.04372096645049801
train,2255671713821728384,229772978,26,0.40312725584178133,0.04347245437979224
train,2255671713821728384,229772978,40,0.40412482430985996,0.04348631661163416
train,2255671713821728384,229772978,41,0.4201193889071888,0.04371075730064518
train,2256092242658211200,229784742,14,2.153823276543357,0.08212596006368127
train,2256092242658211200,229784742,15,2.261780974614096,0.08499110957786798
train,2256092242658211200,229784742,16,2.279000330060602,0.08545049901786113
train,2256092242658211200,229784742,18,2.310799510740451,0.0863005070610424
train,2256092242658211200,229784742,19,2.273830654325132,0.08531251232914074
train,2256092242658211200,229784742,21,2.2618352719206776,0.08499255715687404
train,2256092242658211200,229784742,22,2.211334395017955,0.08364898621799963
train,2256092242658211200,229784742,23,2.3154902273696285,0.08642607026067378
train,2256092242658211200,229784742,24,2.2767708223997634,0.08539098301044892
train,2256092242658211200,229784742,25,2.272760227315139,0.08528394808734346
train,2256092242658211200,229784742,26,2.3123416360003555,0.08634178236230501
train,2256092242658211200,229784742,40,2.1535297468660763,0.08211820665986044
train,2256092242658211200,229784742,41,2.2735639809695334,0.08530539594741943
train,2256321559550924928,424438640,14,0.7819396548478852,0.049755324883525416
train,2256321559550924928,424438640,15,0.7634489245502312,0.049406911821042725
train,2256321559550924928,424438640,16,0.7671240331840801,0.04947586363696719
train,2256321559550924928,424438640,18,0.7818853966715471,0.04975429709884392
train,2256321559550924928,424438640,19,0.7773300243704948,0.04966812021649166
train,2256321559550924928,424438640,21,0.7818972578000161,0.04975452177538392
train,2256321559550924928,424438640,22,0.7726969930891723,0.04958070448358854
train,2256321559550924928,424438640,23,0.7657527605261181,0.049450118711359445
train,2256321559550924928,424438640,24,0.7652664895125587,0.04944099417701116
train,2256321559550924928,424438640,25,0.7655286865207873,0.049445913797782515
train,2256321559550924928,424438640,26,0.7618792626234889,0.04937750727290563
train,2256321559550924928,424438640,40,0.7658661811774166,0.049452247343146426
train,2256321559550924928,424438640,41,0.7661372833607831,0.04945733584784585
train,2256668008794113536,233721173,14,0.9066563477292917,0.05219764348162705
train,2256668008794113536,233721173,16,0.9053764729947757,0.05217180643493965
train,2256668008794113536,233721173,17,0.9034883010163526,0.0521337175139895
train,2256668008794113536,233721173,18,0.9031372678072656,0.052126640013423126
train,2256668008794113536,233721173,19,0.9013899208468481,0.052091427324630124
train,2256668008794113536,233721173,20,0.9055245094061415,0.05217479408932889
train,2256668008794113536,233721173,21,0.9039854254719693,0.05214374246542854
train,2256668008794113536,233721173,22,0.9057402959623653,0.052179149435942505
train,2256668008794113536,233721173,23,0.9027095855944485,0.052118018680860356
train,2256668008794113536,233721173,24,0.9044007795691216,0.052152120217512345
train,2256668008794113536,233721173,25,0.9090745475488207,0.052246501744922826
train,2256668008794113536,233721173,26,0.9063267002310365,0.05219098737141915
train,2256668008794113536,233721173,40,0.9081906494531766,0.052228636808666185
train,2256668008794113536,233721173,41,0.9045444411422208,0.05215501826745324
train,2257042529944201984,229761272,14,0.9066563477292917,0.05219764348162705
train,2257042529944201984,229761272,15,-0.26548569600351757,0.0385004928536743
train,2257042529944201984,229761272,17,0.8500351259903356,0.0510695562568942
train,2257042529944201984,229761272,19,0.9142491212250614,0.05235123326267364
train,2257042529944201984,229761272,20,0.8737017821248945,0.05153731357687237
train,2257042529944201984,229761272,21,0.9066367443606453,0.05219724762993344
train,2257042529944201984,229761272,22,0.7496683610872532,0.04914969002253672
train,2257042529944201984,229761272,24,0.9296979232157694,0.05266537740291783
train,2257666880745630080,236764598,14,1.1436180642039642,0.057221843131086796
train,2257666880745630080,236764598,18,1.1211644028354348,0.05672689096203484
train,2257666880745630080,236764598,20,1.128283600374871,0.05688342951434691
train,2257666880745630080,236764598,24,1.1383993583006133,0.05710648418730822
train,2257666880745630080,236764598,26,1.212021799829719,0.058751288467469104
train,2257898980780637568,236759093,14,0.7881754894919555,0.049873657643797475
train,2257898980780637568,236759093,15,1.1749919992085573,0.05791938102574724
train,2257898980780637568,236759093,16,0.76989226017413,0.04952789832371
train,2257898980780637568,236759093,18,0.777956263731765,0.04967995390245359
train,2257898980780637568,236759093,19,0.7879492282780176,0.0498693567720163
train,2257898980780637568,236759093,20,0.7845981594364813,0.04980572233303894
train,2257898980780637568,236759093,22,0.7991669690245253,0.05008324451120737
train,2257898980780637568,236759093,25,0.7851031221155191,0.0498153035206644
train,2257898980780637568,236759093,26,0.7781515090872155,0.04968364420902645
train,2257898980780637568,236759093,40,0.7836567397118865,0.049787867092837994
train,2257898980780637568,236759093,41,0.7598460489161722,0.04933945932304528
train,2257933100000889984,219110898,14,1.8295598750517004,0.07370095493093372
train,2257933100000889984,219110898,15,1.8309238068497702,0.07373573794460306
train,2257933100000889984,219110898,16,1.82419413846774,0.07356417768223926
train,2257933100000889984,219110898,19,1.830549740476293,0.07372619788459599
train,2257933100000889984,219110898,20,1.8283836277954146,0.07367096319811406
train,2257933100000889984,219110898,23,1.8311420437919266,0.07374130399815
train,2257933100000889984,219110898,26,1.8214007953881504,0.07349301086908726
train,2257933100000889984,219110898,40,1.8273695070674598,0.07364510901896201
train,2258678603244703360,229739857,14,0.6821663005427601,0.047920986692629675
train,2258678603244703360,229739857,15,0.6798277914794066,0.047879380220050165
train,2258678603244703360,229739857,16,0.6828188795075666,0.047932609062191454
train,2258678603244703360,229739857,17,0.6780025586718175,0.047846951778000295
train,2258678603244703360,229739857,18,0.676364367227091,0.04781788077880212
train,2258678603244703360,229739857,19,0.6784033450750492,0.047854068995580756
train,2258678603244703360,229739857,21,0.6839812078118542,0.04795332271228581
train,2258678603244703360,229739857,22,0.6775179517507799,0.0478383486608412
train,2258678603244703360,229739857,24,0.6830507726609534,0.047936740291833715
train,2258678603244703360,229739857,25,0.6807061322769494,0.047894999819094446
train,2258678603244703360,229739857,26,0.6758721672930063,0.047809152656155395
train,2258678603244703360,229739857,40,0.6887737608613798,0.04803890126457929
train,2258678603244703360,229739857,41,0.6877509367605625,0.04802061403484434
train,2258881287044302720,229714804,14,0.9896827322836519,0.053905322489459
train,2258881287044302720,229714804,15,0.9885015833105657,0.05388060599398118
train,2258881287044302720,229714804,16,0.9926237668320474,0.05396691727279136
train,2258881287044302720,229714804,18,0.9871673431290302,0.05385270016230253
train,2258881287044302720,229714804,19,0.9927382584734481,0.05396931657513183
train,2258881287044302720,229714804,20,0.9882636166772487,0.05387562778046444
train,2258881287044302720,229714804,21,0.9855059565847211,0.053817973138563346
train,2258881287044302720,229714804,22,0.9921480107169711,0.053956948447505544
train,2258881287044302720,229714804,23,0.9835355527880021,0.05377681733211368
train,2258881287044302720,229714804,24,0.9866164964207267,0.05384118352674622
train,2258881287044302720,229714804,25,0.9938971017926588,0.053993607671488864
train,2258881287044302720,229714804,26,0.9837770550982248,0.053781859810865376
train,2258881287044302720,229714804,40,0.9852830697692132,0.05381331604614827
train,2258881287044302720,229714804,41,0.9931897552133748,0.05397877927921804
train,2259071060175110656,376867702,14,0.23714160480516766,0.041401288103963194
train,2259071060175110656,376867702,15,0.24253991971859823,0.041460927605004465
train,2259071060175110656,376867702,16,0.24539548643129216,0.04149269465832814
train,2259071060175110656,376867702,17,0.13273159790092215,0.040357624780877406
train,2259071060175110656,376867702,18,0.12393500965559157,0.0402795162767127
train,2259071060175110656,376867702,19,0.12415676226915678,0.04028146606276015
train,2259071060175110656,376867702,20,0.24361178864069266,0.04147283396377429
train,2259071060175110656,376867702,22,0.2156253331568619,0.04116901215576357
train,2259071060175110656,376867702,23,0.11462705228574349,0.04019857632086583
train,2259071060175110656,376867702,26,0.20619962902567196,0.04107001979029876
train,2259071060175110656,376867702,40,0.23858256435718284,0.04141715437639055
train,2259071060175110656,376867702,41,0.2503515383730953,0.04154818776551258
train,2259079581390786688,256298969,14,1.8170882057635598,0.07338318896319462
train,2259079581390786688,256298969,15,-0.2719164,0.03850000009024541
train,2259079581390786688,256298969,16,1.8260706949713519,0.07361200185121117
train,2259079581390786688,256298969,17,0.38001648550704126,0.0431558330864951
train,2259079581390786688,256298969,19,0.3887775663168741,0.04327483498199286
train,2259079581390786688,256298969,22,1.82826337359879,0.07366789723740755
train,2259079581390786688,256298969,41,2.930321932306901,0.10321261297868639
train,2259142524134579840,229760205,14,0.014931993627235018,0.039444581614380185
train,2259142524134579840,229760205,15,0.025838006475808695,0.03951680931044483
train,2259142524134579840,229760205,16,0.015479090329777123,0.03944814380710066
train,2259142524134579840,229760205,18,0.029047099314689295,0.03953854943071981
train,2259142524134579840,229760205,19,0.2988614255938853,0.04211503743539658
train,2259142524134579840,229760205,20,0.020852694783603187,0.03948347501664904
train,2259142524134579840,229760205,21,0.0172397865914678,0.039459651709262265
train,2259142524134579840,229760205,22,0.020062885808430464,0.03947824303601375
train,2259142524134579840,229760205,23,0.008515356811850505,0.039403285371208886
train,2259142524134579840,229760205,24,0.019000751936449345,0.03947122826573485
train,2259142524134579840,229760205,25,0.01517532205606692,0.03944616514814613
train,2259142524134579840,229760205,26,0.021783445085285957,0.039489657886367054
train,2259851679071345792,376847688,14,1.1436180642039642,0.057221843131086796
train,2259851679071345792,376847688,15,1.142838479226145,0.057204598217431894
train,2259851679071345792,376847688,16,1.1447747022211583,0.057247436617562944
train,2259851679071345792,376847688,17,1.1443515926532275,0.05723807317132319
train,2259851679071345792,376847688,19,1.139882285919215,0.05713924448166974
train,2259851679071345792,376847688,20,1.1410127096078242,0.05716422788491167
train,2259851679071345792,376847688,21,1.1458915276648054,0.057272158121602766
train,2259851679071345792,376847688,22,1.1408449729511074,0.05716052017730566
train,2259851679071345792,376847688,23,1.1486176986823506,0.057332540254071224
train,2259851679071345792,376847688,24,1.1447538146797884,0.05724697434503357
train,2259851679071345792,376847688,25,1.1439677746856027,0.057229580345727886
train,2259851679071345792,376847688,26,1.1419410001187729,0.057184750740108044
train,2259851679071345792,376847688,40,1.1453980965794432,0.05726123468554101
train,2259851679071345792,376847688,41,1.1436113500374314,0.057221694591107646
train,2260102505161772416,219099807,14,0.7757038202038149,0.0496374105899861
train,2260102505161772416,219099807,15,0.7762883514266439,0.04964844571981271
train,2260102505161772416,219099807,16,0.7736364116940442,0.049598410544404434
train,2260102505161772416,219099807,17,0.814638409178402,0.050380412136642
train,2260102505161772416,219099807,18,0.7469480816094616,0.04909916402741715
train,2260102505161772416,219099807,19,0.9504207682490835,0.05309016086677859
train,2260102505161772416,219099807,20,0.7845981594364813,0.04980572233303894
train,2260102505161772416,219099807,22,0.7765527012145614,0.04965343748852734
train,2260102505161772416,219099807,23,0.7760448093785988,0.04964384753757662
train,2260102505161772416,219099807,24,0.7842618404085924,0.0497993425163522
train,2260102505161772416,219099807,25,0.8112253206818296,0.050314640395450534
train,2260102505161772416,219099807,41,0.7850109866946156,0.04981355513452013
train,2260109892505203328,219117614,25,1.0200237246686885,0.05454423359903997
train,2260637348848757248,219105073,14,0.9565430248818545,0.05321638891450402
train,2260637348848757248,219105073,15,1.020655103292978,0.054557609770711134
train,2260637348848757248,219105073,16,0.9333549154827181,0.05274005908948685
train,2260637348848757248,219105073,17,0.9472444008066727,0.05302480152320244
train,2260637348848757248,219105073,18,0.8970005629888795,0.052003099028324305
train,2260637348848757248,219105073,19,0.929466416793385,0.052660653746974165
train,2260637348848757248,219105073,20,0.9882636166772487,0.05387562778046444
train,2260637348848757248,219105073,21,0.9726751745111868,0.05355057260772718
train,2260637348848757248,219105073,22,0.9201683549559958,0.0524713396830036
train,2260637348848757248,219105073,23,0.9912068241880274,0.053937232785623894
train,2260637348848757248,219105073,24,0.9676700378448149,0.053446646932729214
train,2260637348848757248,219105073,25,1.013498774544099,0.054406189386695135
train,2260637348848757248,219105073,26,0.9564793712917417,0.05321507481138551
train,2260812514796397824,259168024,14,1.0126655366784874,0.05438858628053937
train,2260812514796397824,259168024,16,1.0189530954059178,0.054521559057189466
train,2260812514796397824,259168024,17,1.014588016468918,0.05442920948941631
train,2260812514796397824,259168024,18,2.5109389551831782,0.09169584378504722
train,2260812514796397824,259168024,19,1.016931870961633,0.05447877770507797
train,2260812514796397824,259168024,20,1.007357236706132,0.05427657688304574
train,2260812514796397824,259168024,21,1.0091196264789626,0.05431373889222007
train,2260812514796397824,259168024,22,2.5624069066254203,0.09309496436443436
train,2260812514796397824,259168024,24,1.6506674485251625,0.06919569475424994
train,2260812514796397824,259168024,25,2.5011286425870107,0.09142966773342658
train,2260812514796397824,259168024,26,2.5145328835496787,0.09179339670840139
train,2260812514796397824,259168024,40,1.6494639217227598,0.06916579234171885
train,2260812514796397824,259168024,41,1.653201340050907,0.06925866988600798
train,2261111272720150016,258956456,16,0.8609251204198343,0.05128410729390679
train,2262722710089555072,258875528,14,0.8272986774008371,0.050625432130455124
train,2262722710089555072,258875528,15,1.4900964950361988,0.06526052732197885
train,2262722710089555072,258875528,16,0.829768658600037,0.05067342645534211
train,2262722710089555072,258875528,17,0.8350516890759971,0.050776289680416115
train,2262722710089555072,258875528,18,0.8321057854271174,0.050718896508206865
train,2262722710089555072,258875528,19,0.8319635233073852,0.05071612713488347
train,2262722710089555072,258875528,20,0.829149978207899,0.05066139900568172
train,2262722710089555072,258875528,21,0.8213267071738966,0.05050964835424503
train,2262722710089555072,258875528,22,1.4876468508218075,0.0652013923476401
train,2262722710089555072,258875528,23,0.8259051527385783,0.0505983819746101
train,2262722710089555072,258875528,26,0.8255328876437653,0.05059115917879685
train,2262722710089555072,258875528,40,0.8310982291371398,0.05069928714773267
train,2262722710089555072,258875528,41,0.8227583933622804,0.050537372360834595
train,2262965732223263616,258831809,14,1.7297865207465748,0.07117382585543315
train,2262965732223263616,258831809,15,1.7216018389095682,0.07096809184414653
train,2262965732223263616,258831809,16,1.7162569671193804,0.07083387458765095
train,2262965732223263616,258831809,17,1.6634740394089633,0.06951424033188125
train,2262965732223263616,258831809,18,1.8186788021917752,0.07342368692273919
train,2262965732223263616,258831809,19,1.7171201722802738,0.07085554368629801
train,2262965732223263616,258831809,20,1.720186353636257,0.07093253667778855
train,2262965732223263616,258831809,21,1.8245381557475915,0.07357294410876611
train,2262965732223263616,258831809,22,1.768132550307367,0.07214095505287202
train,2262965732223263616,258831809,23,1.8315085269505988,0.07375065137150057
train,2262965732223263616,258831809,24,1.726601467642722,0.07109373547297537
train,2262965732223263616,258831809,25,1.7181516742327565,0.07088144119192898
train,2262965732223263616,258831809,26,1.7209976438193535,0.07095291433235927
train,2262965732223263616,258831809,40,1.7206261558606402,0.07094358314667612
train,2262965732223263616,258831809,41,1.7349873878308475,0.071304685402228
train,2263035692946551680,362226953,14,2.789878410238531,0.0993282285584505
train,2263035692946551680,362226953,15,2.789098702325659,0.09930673509788303
train,2263035692946551680,362226953,16,2.7857705528669348,0.09921500045094883
train,2263035692946551680,362226953,17,2.7840112517732782,0.09916651444975035
train,2263035692946551680,362226953,19,2.786485713254902,0.09923471133553334
train,2263035692946551680,362226953,20,2.783065458611512,0.09914045030972918
train,2263035692946551680,362226953,21,2.7876367807601214,0.09926643792571699
train,2263035692946551680,362226953,22,2.7872690673564575,0.09925630253647005
train,2263035692946551680,362226953,23,2.7825864928116033,0.09912725144844307
train,2263035692946551680,362226953,24,2.78278021415011,0.099132589790075
train,2263035692946551680,362226953,25,2.788221064967747,0.09928254309456401
train,2263035692946551680,362226953,26,2.781861577091753,0.09910727553868959
train,2263035692946551680,362226953,40,2.5627125931588868,0.09310328743893297
train,2263035692946551680,362226953,41,2.7919147745254635,0.09938436693752545
train,2263740239382269440,237229894,14,0.6024592330184864,0.04654113833087548
train,2263740239382269440,237229894,15,0.6090900475180994,0.04665283996193404
train,2263740239382269440,237229894,16,0.5996333252827366,0.046493708993976944
train,2263740239382269440,237229894,17,0.6023719452156321,0.046539671740747225
train,2263740239382269440,237229894,18,0.5813900763130739,0.046190067641833456
train,2263740239382269440,237229894,19,0.6151706550279739,0.0467557775019209
train,2263740239382269440,237229894,20,0.6000263388120358,0.04650029893789945
train,2263740239382269440,237229894,21,0.9667343695239239,0.05342724299178945
train,2263740239382269440,237229894,22,0.9700678605377593,0.05349640779028575
train,2263740239382269440,237229894,24,0.9676706318290298,0.053446659253221486
train,2263740239382269440,237229894,25,0.5958837766326445,0.04643094013583413
train,2263740239382269440,237229894,40,0.9615623250565866,0.05332012235742663
train,2263740239382269440,237229894,41,0.9674567855883289,0.05344222382667092
train,2263811089162557440,237278530,14,0.7969027412362009,0.050039965160636926
train,2263811089162557440,237278530,15,0.40330751963066014,0.04347495814101111
train,2263811089162557440,237278530,16,0.4029239234008384,0.043469630837370085
train,2263811089162557440,237278530,17,0.42238428461960853,0.04374286867369122
train,2263811089162557440,237278530,18,0.40328533575855596,0.04347464999139278
train,2263811089162557440,237278530,19,0.8231263452585003,0.05054450099754395
train,2263811089162557440,237278530,20,0.4027254271100422,0.04346687509491673
train,2263811089162557440,237278530,21,0.3953025641163991,0.04336428040080193
train,2263811089162557440,237278530,22,0.3825079809881251,0.04318954675473716
train,2263811089162557440,237278530,23,0.4024552056665929,0.04346312460767692
train,2263811089162557440,237278530,24,0.8095600410345107,0.050282593686264476
train,2263811089162557440,237278530,25,0.4066641892465791,0.043521676028814474
train,2263811089162557440,237278530,26,0.7981525958984517,0.05006384868276111
train,2263811089162557440,237278530,40,0.39835973024693017,0.043406426739283424
train,2263811089162557440,237278530,41,0.803884690028448,0.050173594520725937
train,2264172519250114688,237212001,14,2.9208309377640074,0.10294933070707256
train,2264172519250114688,237212001,15,2.9177127822553093,0.10286285623010055
train,2264172519250114688,237212001,16,2.91939111433274,0.10290939922823898
train,2264172519250114688,237212001,17,2.9190417028767897,0.10289970917276979
train,2264172519250114688,237212001,19,2.9216984724616175,0.10297339177843953
train,2264172519250114688,237212001,20,2.916720914925766,0.10283535167746756
train,2264172519250114688,237212001,21,2.916634394862273,0.10283295252671087
train,2264172519250114688,237212001,22,2.9222780309086973,0.10298946633875992
train,2264172519250114688,237212001,23,2.922118521066758,0.10298504215315278
train,2264172519250114688,237212001,24,2.921917534049287,0.10297946759520578
train,2264172519250114688,237212001,25,2.921313439433721,0.10296271277614673
train,2264172519250114688,237212001,26,2.9179906783820773,0.10287056252466974
train,2264172519250114688,237212001,40,2.9185237638482864,0.10288534569858238
train,2264172519250114688,237212001,41,2.9177394634176794,0.10286359611721194
train,2264288002330627200,235686832,14,1.3618722767464255,0.06220556009764716
train,2264288002330627200,235686832,15,1.2971753751417245,0.06069773552702711
train,2264288002330627200,235686832,16,1.3666880234500387,0.06231873878454513
train,2264288002330627200,235686832,17,1.2913020501140773,0.06056205340112947
train,2264288002330627200,235686832,18,1.3551247167106784,0.06204719532201804
train,2264288002330627200,235686832,19,1.365269241491804,0.06228538163411129
train,2264288002330627200,235686832,20,1.3574072579261398,0.06210073822849192
train,2264288002330627200,235686832,21,1.2779165691262868,0.0602536012155801
train,2264288002330627200,235686832,22,1.354009135569518,0.06202103699500116
train,2264288002330627200,235686832,23,1.281442811998921,0.06033475455242456
train,2264288002330627200,235686832,24,1.2838918134180681,0.06039116031268967
train,2264288002330627200,235686832,25,1.3592869395350462,0.06214485267548928
train,2264288002330627200,235686832,26,1.2900973100205742,0.06053424759644866
train,2264288002330627200,235686832,40,1.358884798993083,0.06213541315423289
train,2264288002330627200,235686832,41,1.28830974226348,0.06049300591947637
train,2264644274161195904,394130562,14,3.0642551345776248,0.10693915408329198
train,2264644274161195904,394130562,16,3.069024213583824,0.10707221933846081
train,2264644274161195904,394130562,17,3.067114004634414,0.10701891837045954
train,2264644274161195904,394130562,19,3.0651556096790387,0.10696427695477999
train,2264644274161195904,394130562,20,3.0694700078563413,0.10708465899847981
train,2264644274161195904,394130562,21,3.063018471785643,0.10690465315096327
train,2264644274161195904,394130562,22,3.0659387428738354,0.10698612675114878
train,2264644274161195904,394130562,23,3.0675865234278845,0.10703210279609464
train,2264644274161195904,394130562,24,3.067379277580244,0.10702632010226705
train,2264644274161195904,394130562,25,3.0687880393677744,0.10706562910532111
train,2264644274161195904,394130562,40,3.066778418302203,0.10700955484076483
train,2264644274161195904,394130562,41,3.0624378556437275,0.10688845545290143
train,2264741271703022080,235680293,14,1.6611923396618014,0.0694574386845077
train,2264741271703022080,235680293,15,1.6508640949482607,0.06920058111456209
train,2264741271703022080,235680293,16,1.6682403099641092,0.0696329602097762
train,2264741271703022080,235680293,18,1.7246756738700972,0.07104532819069972
train,2264741271703022080,235680293,19,1.6595492515329664,0.06941654767059044
train,2264741271703022080,235680293,20,1.7265508991750311,0.07109246419502863
train,2264741271703022080,235680293,21,1.6653193755777622,0.06956019397906883
train,2264741271703022080,235680293,22,1.7775134729967463,0.07237835076589481
train,2264741271703022080,235680293,23,1.6618217522306564,0.0694731055058696
train,2264741271703022080,235680293,24,1.6570328076931333,0.06935394247583729
train,2264741271703022080,235680293,25,1.665953167367635,0.06957598013053934
train,2264741271703022080,235680293,26,1.6617808373985594,0.06947208703982767
train,2264741271703022080,235680293,40,1.6731846664353867,0.06975621015394577
train,2265191766530226816,267543197,14,0.2581295447459777,0.04163619295210547
train,2265191766530226816,267543197,15,0.2554013277115631,0.04160519734779323
train,2265191766530226816,267543197,17,0.2680493786456578,0.04175004317496869
train,2265191766530226816,267543197,18,0.2651938706358772,0.04171708606283071
train,2265191766530226816,267543197,19,0.2705481197128019,0.04177900448523515
train,2265191766530226816,267543197,20,0.26270542525701457,0.041688486822925905
train,2265191766530226816,267543197,21,0.2798097618967116,0.04188733830226308
train,2265191766530226816,267543197,22,0.27646851087037705,0.04184807652739113
train,2265191766530226816,267543197,23,0.2685340704688518,0.041755652044925935
train,2265191766530226816,267543197,24,0.2783084559649265,0.041869672080532466
train,2265191766530226816,267543197,25,0.2631182953674951,0.04169322402954165
train,2265191766530226816,267543197,41,0.28171223112575094,0.04190978349754505
train,2265456920629923584,229775860,15,0.6991199034688541,0.04822458230765244
train,2265456920629923584,229775860,16,0.6997832277652812,0.04823653022608812
train,2265456920629923584,229775860,17,0.6938409761520251,0.0481296829986747
train,2265456920629923584,229775860,18,0.6924110837239913,0.04810403475746365
train,2265456920629923584,229775860,19,0.6931107027655756,0.04811658091217994
train,2265456920629923584,229775860,20,0.6954945218936454,0.048159373256615165
train,2265456920629923584,229775860,22,0.696571550568662,0.048178729310155814
train,2265456920629923584,229775860,23,0.6951959922591118,0.04815401060267156
train,2265456920629923584,229775860,24,0.7020443725923545,0.04827729740526134
train,2265456920629923584,229775860,25,0.6953285163413477,0.048156391075944834
train,2265456920629923584,229775860,26,0.696328035651848,0.04817435172571573
train,2265456920629923584,229775860,40,0.6947039470395365,0.04814517402968124
train,2265456920629923584,229775860,41,0.6945879967591951,0.04814309211302279
train,2265500901095211264,229780215,14,0.9004205130852214,0.05207190407949003
train,2265500901095211264,229780215,15,0.8920410233633285,0.05190351536169424
train,2265500901095211264,229780215,16,0.9095783237973611,0.0522566870848095
train,2265500901095211264,229780215,17,0.8938013936208429,0.05193883559150644
train,2265500901095211264,229780215,18,0.8869153974695982,0.05180084184771847
train,2265500901095211264,229780215,19,0.9024057828682017,0.05211189558448891
train,2265500901095211264,229780215,20,0.892795433595639,0.051918648323934585
train,2265500901095211264,229780215,22,0.9067859894517825,0.05220026143285026
train,2265500901095211264,229780215,24,0.8917769906298263,0.051898220316836614
train,2265500901095211264,229780215,25,0.8960249238189995,0.051983490599145046
train,2265500901095211264,229780215,26,0.8930782935026911,0.05192432369329965
train,2265500901095211264,229780215,40,0.8904000909187066,0.05187061799667487
train,2266537122085327360,236771416,14,1.0750238831191905,0.05572140158989866
train,2266537122085327360,236771416,15,1.0688931275565048,0.05558900965426497
train,2266537122085327360,236771416,16,1.0680715384340593,0.05557128966208585
train,2266537122085327360,236771416,17,1.0767857345405152,0.055759501634427625
train,2266537122085327360,236771416,18,1.0682822642709071,0.05557583408922891
train,2266537122085327360,236771416,20,1.0710027086813103,0.055634532837916806
train,2266537122085327360,236771416,21,1.0732074441719346,0.05568214598984341
train,2266537122085327360,236771416,23,1.0741247441935113,0.055701966869358965
train,2266537122085327360,236771416,24,1.0751851880660488,0.0557248888217741
train,2266537122085327360,236771416,25,1.072223325665403,0.055660888490343556
train,2266537122085327360,236771416,26,1.072494527469295,0.05566674585532792
train,2266537122085327360,236771416,40,1.0742358624415633,0.055704368333949955
train,2266537122085327360,236771416,41,1.0744077711467126,0.055708083775879526
train,2267025648844890624,367837386,14,0.6135721194579863,0.046728669586178086
train,2267025648844890624,367837386,15,0.6219514555110643,0.04687113383085464
train,2267025648844890624,367837386,16,0.6373083312377927,0.04713456940872601
train,2267025648844890624,367837386,23,0.6344117038017143,0.047084649993844936
train,2267025648844890624,367837386,24,0.5882048017698716,0.04630297309671449
train,2267025648844890624,367837386,25,0.5893770164457921,0.04632245682423987
train,2267025648844890624,367837386,26,0.6145045622164805,0.04674447789047284
train,2267025648844890624,367837386,40,0.6294718990798133,0.046999765176291106
train,2267025648844890624,367837386,41,0.6277301255793454,0.04696990902335831
train,2267641959472964096,376870932,17,1.3997584763550504,0.06309934859537782
train,2267641959472964096,376870932,19,1.5038031324112362,0.06559193456450327
train,2267702570051642240,336007350,14,1.0999672216954717,0.05626299369124241
train,2267702570051642240,336007350,15,1.0978235512507677,0.05621626459847229
train,2267702570051642240,336007350,16,1.0989907689569127,0.05624170410656946
train,2267702570051642240,336007350,17,1.0988333678731432,0.05623827295773567
train,2267702570051642240,336007350,18,1.0944632275665152,0.05614308315390514
train,2267702570051642240,336007350,19,1.0971313193799117,0.05620118220689007
train,2267702570051642240,336007350,20,1.0964608908364064,0.05618657827839887
train,2267702570051642240,336007350,21,1.100217892026996,0.05626846019778275
train,2267702570051642240,336007350,22,1.094477452740283,0.05614339277304234
train,2267702570051642240,336007350,23,1.096951563672934,0.056197266263328695
train,2267702570051642240,336007350,24,1.0941591044646453,0.05613646410127496
train,2267702570051642240,336007350,26,1.097463503298726,0.056208419404662195
train,2267702570051642240,336007350,40,1.0979566071541897,0.056219164038611096
train,2267702570051642240,336007350,41,1.099572708925156,0.056254391280331474
train,2267832862179710464,235673889,14,1.1747972374243156,0.057915029911271676
train,2267832862179710464,235673889,15,1.1749919992085573,0.05791938102574724
train,2267832862179710464,235673889,16,1.8512367578935225,0.07425448239154811
train,2267832862179710464,235673889,18,2.0446467616788615,0.07925687150418925
train,2267832862179710464,235673889,20,1.1751305202039541,0.057922475839145296
train,2267832862179710464,235673889,21,1.1767176157235686,0.057957943802549254
train,2267832862179710464,235673889,22,1.174355862983897,0.057905170255617366
train,2267832862179710464,235673889,24,1.1700521880460144,0.05780910230173474
train,2267832862179710464,235673889,26,1.1668131824416696,0.05773688400173868
train,2268056509715363456,229645654,14,1.1249105602717533,0.05680921664806612
train,2268056509715363456,229645654,15,1.117115663240215,0.056638030317124465
train,2268056509715363456,229645654,16,0.8645027231373723,0.051354847078672904
train,2268056509715363456,229645654,17,1.1225629089568878,0.05675761268450743
train,2268056509715363456,229645654,18,1.0604140374785633,0.05540638449143078
train,2268056509715363456,229645654,19,1.1250710687550118,0.05681274625798947
train,2268056509715363456,229645654,20,0.9246181612895088,0.052561841935853504
train,2268056509715363456,229645654,21,0.918992608174374,0.05244745709778576
train,2268056509715363456,229645654,22,1.1219003923057247,0.056743057062486446
train,2268056509715363456,229645654,23,0.9166115847684404,0.05239913101981977
train,2268056509715363456,229645654,25,1.1178982878738617,0.056655197844605855
train,2268056509715363456,229645654,26,1.1247148446579047,0.05680491307914968
train,2268056509715363456,229645654,41,1.1184464122589883,0.056667224071142455
train,2268491504001786624,229647826,14,0.7258171430512522,0.04870952346391532
train,2268491504001786624,229647826,15,0.724842719454784,0.048691678330966534
train,2268491504001786624,229647826,16,0.7224580844176847,0.04864805326387847
train,2268491504001786624,229647826,17,0.7258508242950747,0.048710140481076254
train,2268491504001786624,229647826,18,0.7263604589879618,0.0487194782247921
train,2268491504001786624,229647826,19,0.7269296401598335,0.048729910523596945
train,2268491504001786624,229647826,20,0.7273172495875154,0.04873701698929301
train,2268491504001786624,229647826,21,0.7256634844337313,0.0487067087090934
train,2268491504001786624,229647826,23,0.7281697835053398,0.04875265347378315
train,2268491504001786624,229647826,24,0.7273425338213609,0.04873748061245982
train,2268491504001786624,229647826,25,0.726401192698126,0.04872022469367323
train,2268491504001786624,229647826,26,0.7219138954807323,0.04863810691374986
train,2268491504001786624,229647826,40,0.724354893980765,0.04868274862042597
train,2268491504001786624,229647826,41,0.7220986422485074,0.048641483218955235
train,2268915090857550208,367839275,14,0.6135721194579863,0.046728669586178086
train,2268915090857550208,367839275,15,0.6348128635040293,0.047091557084595524
train,2268915090857550208,367839275,17,0.6373083278074114,0.04713456934954512
train,2268915090857550208,367839275,18,0.6525721444222273,0.04739936685329424
train,2268915090857550208,367839275,20,0.6636717941997755,0.047593748164420975
train,2268915090857550208,367839275,21,0.6658154405353456,0.047631463622721595
train,2268915090857550208,367839275,22,0.6515261172873428,0.04738112720316512
train,2268915090857550208,367839275,23,0.646912781095531,0.0473008470197278
train,2268915090857550208,367839275,25,0.6611516768355032,0.04754948131427786
train,2268915090857550208,367839275,26,0.6622350441866052,0.04756850150381801
train,2268915090857550208,367839275,40,0.6709832175175098,0.04772261731131284
train,2268915090857550208,367839275,41,0.6906424700254533,0.04807234449706441
train,2268956833643921408,229610288,15,0.7505655354407139,0.049166372111110634
train,2268956833643921408,229610288,17,0.5241806630698448,0.04526731106211655
train,2268956833643921408,229610288,22,0.523895850670393,0.04526283189687264
train,2268956833643921408,229610288,23,0.5219020081573634,0.04523150778209478
train,2268956833643921408,229610288,25,0.5247754069960666,0.04527666817136679
train,2268956833643921408,229610288,40,0.522728560675134,0.045244486370713405
train,2269005525689579520,229608779,14,0.22695037152562608,0.041290183093489044
train,2269005525689579520,229608779,15,0.22967851172563325,0.0413197342848644
train,2269005525689579520,229608779,16,0.1290078546124927,0.04032436914912652
train,2269005525689579520,229608779,17,0.20861065735474282,0.041095180016695945
train,2269005525689579520,229608779,18,0.2306756138806073,0.04133056979916015
train,2269005525689579520,229608779,19,0.22486797487296545,0.04126772088860138
train,2269005525689579520,229608779,20,0.12968693027686828,0.040330412891579744
train,2269005525689579520,229608779,21,0.22605154290497664,0.041280477667825735
train,2269005525689579520,229608779,22,0.23251261616352048,0.041350581374845735
train,2269005525689579520,229608779,23,0.6427994220043698,0.04722949207955088
train,2269005525689579520,229608779,24,0.10122441547369432,0.04008513821657162
train,2269005525689579520,229608779,25,0.23050487214219417,0.04132871302288915
train,2269005525689579520,229608779,40,0.24400980581146758,0.04147726058956278
train,2269700726276141952,229605412,14,0.4576761201266365,0.044253614474306584
train,2269700726276141952,229605412,15,0.4676145595954849,0.044400910989961996
train,2269700726276141952,229605412,17,0.4550061663391808,0.04421430020070724
train,2269700726276141952,229605412,19,0.46212475238611117,0.044319361291759674
train,2269700726276141952,229605412,20,0.46000633695900806,0.04428801533592986
train,2269700726276141952,229605412,23,0.4582641541975734,0.044262287761782856
train,2269700726276141952,229605412,24,0.4617167412865688,0.044313318679611434
train,2269700726276141952,229605412,26,0.4570569813580283,0.04424448811968466
train,2274363102254731392,387289495,16,1.5002164915758907,0.06550512883304112
train,2274363102254731392,387289495,17,1.4998539481727509,0.06549635774256966
train,2274363102254731392,387289495,18,1.5040775365623167,0.06559857832665156
train,2274363102254731392,387289495,19,1.4977454583512777,0.0654453588932461
train,2274363102254731392,387289495,22,1.502995513414323,0.06557238287325687
train,2274363102254731392,387289495,24,1.498884513115281,0.0654729070385069
train,2274363102254731392,387289495,25,1.5028328334141303,0.06556844491544522
train,2275179932017509888,422367434,16,0.8959259653297056,0.051981502229615735
train,2275179932017509888,422367434,17,0.8107715005027722,0.05030590419849253
train,2275179932017509888,422367434,18,0.8562235636859521,0.051191334964141466
train,2275179932017509888,422367434,19,0.43439998432949123,0.043914580006182403
train,2275179932017509888,422367434,22,0.43493313523077126,0.04392225159795236
train,2275179932017509888,422367434,25,0.4327634426791399,0.04389105935030498
train,2275179932017509888,422367434,26,0.9063268063798597,0.0521909895145706
train,2275577203610928384,366560501,16,2.729497742031765,0.09766624838552716
train,2275577203610928384,366560501,17,2.7215490118464354,0.09744784007323581
train,2275577203610928384,366560501,18,2.7208424208468838,0.09742842935000987
train,2275577203610928384,366560501,19,2.7221245237447604,0.09746365045803254
train,2275577203610928384,366560501,20,2.7257845487625465,0.09756420925661863
train,2275577203610928384,366560501,22,2.7279422944416725,0.09762350205243192
train,2275577203610928384,366560501,23,2.7252291945721776,0.09754894972729172
train,2275577203610928384,366560501,25,2.7229729313863444,0.09748695866241097
train,2275577203610928384,366560501,26,2.727092759557503,0.0976001568507144
train,2275577203610928384,366560501,40,2.7287578061472733,0.09764591326516885
train,2275736598436020352,237303531,15,0.7505658721676733,0.04916637837390832
train,2275736598436020352,237303531,16,0.6714087832484836,0.04773013834591372
train,2275736598436020352,237303531,17,0.6744891074324931,0.04778464275601022
train,2275736598436020352,237303531,18,0.7397257157633448,0.048965419838498635
train,2275736598436020352,237303531,19,0.7477697498250528,0.04911441682566711
train,2275736598436020352,237303531,20,0.6764008852773234,0.0478185284660813
train,2275736598436020352,237303531,22,0.7517320644540304,0.0491880760119367
train,2275736598436020352,237303531,23,0.6765742343570542,0.04782160322076884
train,2275736598436020352,237303531,25,0.6676567235721866,0.04766390428638332
train,2275736598436020352,237303531,26,0.7479784628846649,0.04911829241298763
train,2275736598436020352,237303531,40,0.6769133885050667,0.04782761997261563
train,2276100021388310400,366642080,17,2.115277536029436,0.08110958481356455
train,2276100021388310400,366642080,18,2.1169521106914226,0.08115366434913156
train,2276100021388310400,366642080,19,2.257770954552864,0.08488421911296927
train,2276100021388310400,366642080,22,2.1280256289912325,0.08144532515150954
train,2276100021388310400,366642080,23,2.263931720867393,0.0850484538446961
train,2276100021388310400,366642080,24,2.264177476344087,0.0850550069343973
train,2276100021388310400,366642080,25,2.129214915795588,0.08147666723153368
train,2276100021388310400,366642080,26,2.2609336474734523,0.08496852046129566
train,2288322879837353600,237231199,14,0.8567696705767289,0.051202099697207425
train,2288322879837353600,237231199,15,0.9756401753176007,0.053612239373187244
train,2288322879837353600,237231199,16,0.9800358447570496,0.053703800593720846
train,2288322879837353600,237231199,17,0.7719933273912465,0.04956744815469338
train,2288322879837353600,237231199,19,0.9756006515603166,0.05361141685115173
train,2288322879837353600,237231199,20,0.9755345255997008,0.05361004074534071
train,2288322879837353600,237231199,21,0.8600748705215375,0.051267313818882096
train,2288322879837353600,237231199,22,0.8663768665357483,0.05139195446645467
train,2288322879837353600,237231199,23,0.9779861736198228,0.05366108558422173
train,2288322879837353600,237231199,24,0.9739950554608106,0.053578014438129894
train,2288322879837353600,237231199,25,0.8634011243163922,0.05133305184126504
train,2288322879837353600,237231199,26,0.9784357466934066,0.053670451574503834
train,2288322879837353600,237231199,41,0.8605058000299453,0.05127582431520493
train,2289001583453300608,237216990,14,0.3588831614629804,0.042874008526890536
train,2289001583453300608,237216990,15,0.44832244760603746,0.04411636444521584
train,2289001583453300608,237216990,17,0.4462342635244746,0.044085907702284696
train,2289001583453300608,237216990,18,0.39301085345416775,0.04333278629765027
train,2289001583453300608,237216990,19,0.44255756892503706,0.04403244612822425
train,2289001583453300608,237216990,20,0.4536417914202341,0.04419425237457272
train,2289001583453300608,237216990,22,0.37998965139903984,0.04315547053760077
train,2289001583453300608,237216990,24,0.3605259631780765,0.0428956488103017
train,2289001583453300608,237216990,25,0.36099049573959785,0.04290177622350062
train,2289001583453300608,237216990,26,0.43984883251423534,0.043993193540077996
train,2289001583453300608,237216990,41,0.3886632166841347,0.04327327366041753
train,2290142709020685952,364119744,17,0.08527997419006644,0.039955003926627077
train,2290142709020685952,364119744,18,0.43287411873873793,0.043892648682543244
train,2290142709020685952,364119744,19,0.0728298959894072,0.03985706032352044
train,2290142709020685952,364119744,20,0.4281836092651382,0.04382546057852786
train,2290142709020685952,364119744,23,0.08390238050863041,0.03994400759604198
train,2290142709020685952,364119744,24,0.0822513233797228,0.03993088040947898
train,2290142709020685952,364119744,25,0.08042352133956993,0.039916414156796746
train,2290142709020685952,364119744,40,0.0720344038743117,0.03985091230372821
train,2290435797589293184,237294956,17,1.1138379909839358,0.056566180421669006
train,2290435797589293184,237294956,18,1.1221876830953526,0.056749368507116496
train,2290435797589293184,237294956,19,1.1208586357972052,0.056720175907244125
train,2290435797589293184,237294956,20,1.1155545274527285,0.05660379884596222
train,2290435797589293184,237294956,23,1.1181541421952752,0.05666081119219356
train,2290435797589293184,237294956,24,1.1194567989917683,0.05668939838630849
train,2290435797589293184,237294956,25,1.1178688452838592,0.05665455191586504
train,2290435797589293184,237294956,26,1.1165560419676783,0.05662575729516029
train,2290435797589293184,237294956,40,1.1216773743183321,0.05673815802943589
train,2290587908151110400,237306683,17,0.7379170633424399,0.04893201913111115
train,2290587908151110400,237306683,18,0.7956289036317032,0.05001564035196561
train,2290587908151110400,237306683,19,0.7295686141163376,0.048778327697232594
train,2290587908151110400,237306683,20,0.8100563415915771,0.05029214149232042
train,2290587908151110400,237306683,24,0.80323561740273,0.050161150116594146
train,2290587908151110400,237306683,25,0.7329048571535883,0.04883965145396028
train,2290587908151110400,237306683,26,0.7918688949029591,0.04994394074474081
train,2290587908151110400,237306683,40,0.7362152665281549,0.04890062553875143
train,2291504660329076608,235942834,14,0.6759304658986897,0.047810186304981066
train,2291504660329076608,235942834,17,0.6831499463366725,0.047938507291136696
train,2291504660329076608,235942834,18,0.684767857277538,0.0479673506714801
train,2291504660329076608,235942834,19,0.6804015152489509,0.04788958173734956
train,2291504660329076608,235942834,20,0.6764008852773234,0.0478185284660813
train,2291504660329076608,235942834,23,0.6798264265468119,0.04787935595460142
train,2291504660329076608,235942834,24,0.6767471447671147,0.04782467055745061
train,2291504660329076608,235942834,26,0.6774109834260585,0.04783645005937652
train,2291504660329076608,235942834,40,0.6709832175175098,0.04772261731131284
train,2292498687560557056,235682463,14,0.8131188280682369,0.050351114188124046
train,2292498687560557056,235682463,15,0.8148725754055388,0.05038492905645502
train,2292498687560557056,235682463,16,0.8211650595818072,0.05050651944000579
train,2292498687560557056,235682463,17,0.7922407855373717,0.04995102563464686
train,2292498687560557056,235682463,18,0.8164220245801705,0.050414831272826525
train,2292498687560557056,235682463,19,0.7981760033236869,0.05006429613366772
train,2292498687560557056,235682463,20,0.8164208871303511,0.050414809312510814
train,2292498687560557056,235682463,21,0.8160959363789784,0.050408536158751925
train,2292498687560557056,235682463,22,0.808464606329685,0.050261528858591066
train,2292498687560557056,235682463,24,0.7905867701391687,0.04991952626670495
train,2292498687560557056,235682463,25,0.8112255633195353,0.050314645066884475
train,2292498687560557056,235682463,26,0.9497984850900392,0.05307734924707351
train,2292498687560557056,235682463,40,0.8073775018124956,0.050240636602176876
train,2292510850908047360,267542072,14,1.1935047413565267,0.058334141670529846
train,2292510850908047360,267542072,15,1.2007148151944873,0.05849629856060969
train,2292510850908047360,267542072,17,1.1926483146827431,0.05831490336728264
train,2292510850908047360,267542072,18,1.2015183887890672,0.05851439256515329
train,2292510850908047360,267542072,19,1.1929808567160898,0.05832237282877622
train,2292510850908047360,267542072,20,1.1919290739180162,0.05829875052107885
train,2292510850908047360,267542072,21,1.195419784758884,0.05837717787792179
train,2292510850908047360,267542072,22,1.2012919981624646,0.05850929451247631
train,2292510850908047360,267542072,23,1.192053182699344,0.05830153753277222
train,2292510850908047360,267542072,24,1.2016743062049182,0.05851790384057028
train,2292510850908047360,267542072,25,1.202722658495271,0.05854151701064333
train,2292510850908047360,267542072,26,1.1891051759110263,0.058235364375593617
train,2292510850908047360,267542072,40,1.2046999821500626,0.058586074161946
train,2292683920909993344,235676989,15,0.8984717273598108,0.05203268350070931
train,2292683920909993344,235676989,17,0.8871621903841489,0.05180577972855417
train,2292683920909993344,235676989,18,0.8958590443062289,0.05198015764016726
train,2292683920909993344,235676989,19,0.8895140460517683,0.051852865225241976
train,2292683920909993344,235676989,20,0.8991599791344129,0.0520465309373488
train,2292683920909993344,235676989,21,0.8965016168959912,0.05199307007126895
train,2292683920909993344,235676989,23,0.8936141387584575,0.051935077098375394
train,2292683920909993344,235676989,24,0.8923651366221883,0.051910016195065106
train,2292683920909993344,235676989,25,0.8960499339409447,0.051983993141295586
train,2292683920909993344,235676989,26,0.8928611697355187,0.051919967202108674
train,2292683920909993344,235676989,40,0.8963302959179209,0.05198962701274616
train,2292683920909993344,235676989,41,0.8919619722529992,0.05190192996176063
train,2294917918083398912,263969389,14,0.900420299006903,0.052071899769065205
train,2294917918083398912,263969389,17,0.9929349444987328,0.0539734386121504
train,2294917918083398912,263969389,20,0.263980401893284,0.04170312575416234
train,2294917918083398912,263969389,24,0.8917775482476606,0.05189823149888781
train,2294917918083398912,263969389,25,0.8047006117332731,0.05018924412581737
train,2294917918083398912,263969389,26,1.01405189953459,0.054417877943077224
train,2294917918083398912,263969389,41,1.0114951638489056,0.054363870472543534
train,2295727506534359424,288677533,14,1.0094162427653202,0.054319995914452364
train,2295727506534359424,288677533,17,1.007728527475326,0.054284403835534394
train,2295727506534359424,288677533,18,-0.2719164,0.03850000009024541
train,2295727506534359424,288677533,19,1.0029705433425657,0.05418419034474063
train,2295727506534359424,288677533,20,1.000992789000284,0.0541425899791133
train,2295727506534359424,288677533,21,1.0020027965314895,0.05416383054407415
train,2295727506534359424,288677533,24,1.0073575753780852,0.05427658402186035
train,2295727506534359424,288677533,25,1.0069741109074033,0.05426850164162741
train,2295727506534359424,288677533,26,1.0083931604711256,0.05429841740748876
train,2295727506534359424,288677533,40,1.0090038351181265,0.054311296509364074
train,2295727506534359424,288677533,41,1.0052039306927836,0.05423120691114634
train,5600789120948394496,130008873,8,0.6554963629101425,0.04745042886586226
val,1419655367579509376,198419742,16,0.39455270743196813,0.043353966001217735
val,1419655367579509376,198419742,18,0.3943958139917043,0.04335180906351926
val,1419655367579509376,198419742,20,0.3846587468000521,0.04321873198693202
val,1419655367579509376,198419742,21,0.3990064180098518,0.043415361454635655
val,1419655367579509376,198419742,24,0.39845762358851866,0.04340777881011204
val,1419655367579509376,198419742,40,0.39820878780065716,0.04340434227595347
val,1421228184603616128,422990219,14,0.8880466516561936,0.051823480970651
val,1421228184603616128,422990219,15,0.8929991642278909,0.051922735948123154
val,1421228184603616128,422990219,16,0.8966018307817614,0.051995084210231815
val,1421228184603616128,422990219,17,0.89154967488422,0.051893662142428056
val,1421228184603616128,422990219,18,0.8886990281720748,0.05183654213910771
val,1421228184603616128,422990219,19,0.8934135877249123,0.051931052098611305
val,1421228184603616128,422990219,20,0.8927698594062501,0.05191813523458509
val,1421228184603616128,422990219,21,0.8892491949811172,0.05184756012490709
val,1421228184603616128,422990219,22,0.8894882906402135,0.051852349302099865
val,1421228184603616128,422990219,23,0.8923392992239938,0.051909497930376976
val,1421228184603616128,422990219,24,0.8917517164178059,0.05189771348977855
val,1421228184603616128,422990219,25,0.8960247099744507,0.05198348630227424
val,1421228184603616128,422990219,26,0.8996185665758527,0.05205576006325475
val,1421228184603616128,422990219,40,0.8904246337073345,0.051871109841502165
val,1441021627286681728,219822721,14,0.8380855844670603,0.05083548898353274
val,1441021627286681728,219822721,15,0.7891722866508581,0.04989261171005506
val,1441021627286681728,219822721,17,0.8345531405768951,0.05076657059102002
val,1441021627286681728,219822721,19,0.7897707764757866,0.04990399707082456
val,1441021627286681728,219822721,20,0.7845749609914618,0.049805282230275354
val,1441021627286681728,219822721,21,0.7796582454586227,0.049712136684795134
val,1441021627286681728,219822721,22,0.8317747176765797,0.05071245203080167
val,1441021627286681728,219822721,23,0.8278279627362779,0.05063571145873202
val,1441021627286681728,219822721,24,0.8348336345408403,0.05077203844720614
val,1441021627286681728,219822721,40,0.8429821005236662,0.05093122869286676
val,1441021627286681728,219822721,41,0.8416556287453523,0.05090526888337061
val,1625693779222596736,198239094,14,1.8686832612344484,0.07470109208952364
val,1625693779222596736,198239094,15,1.7087818217127964,0.07064634200499781
val,1625693779222596736,198239094,16,1.7237765602913324,0.07102273251693403
val,1625693779222596736,198239094,17,1.8692343382700904,0.0747152148659384
val,1625693779222596736,198239094,18,1.7090164891893274,0.07065222603620695
val,1625693779222596736,198239094,19,1.7186369245479332,0.07089362554690216
val,1625693779222596736,198239094,20,1.8728883530336862,0.07480888284894392
val,1625693779222596736,198239094,21,1.7053844012747086,0.07056117861149944
val,1625693779222596736,198239094,22,1.7110276559118482,0.07070266233248339
val,1625693779222596736,198239094,24,1.707626463710481,0.07061737568206955
val,1625693779222596736,198239094,26,1.8624318526326589,0.07454095129641715
val,1625693779222596736,198239094,40,1.8689259334523587,0.0747073110747069
val,1625693779222596736,198239094,41,1.8671485139741233,0.07466176530716445
val,1636343167812582272,230113119,14,0.7507820575988646,0.04917039947607342
val,1636343167812582272,230113119,15,0.7441560643851357,0.04904739176653101
val,1636343167812582272,230113119,17,0.7409381590964568,0.048987830929176496
val,1636343167812582272,230113119,18,0.737233015572895,0.048919396340400365
val,1636343167812582272,230113119,20,0.7400241214609973,0.048970934101410145
val,1636343167812582272,230113119,21,0.7401938237955381,0.04897407049284383
val,1636343167812582272,230113119,22,1.2892112872178911,0.06051380342770959
val,1636343167812582272,230113119,23,1.108847243927255,0.056456929396360586
val,1636343167812582272,230113119,24,0.7463149132823879,0.049087415549362946
val,1636343167812582272,230113119,25,0.7394508693113468,0.04896034181823618
val,1636343167812582272,230113119,26,0.7423563283825967,0.049014065737562874
val,1636343167812582272,230113119,40,0.7421668105826962,0.0490105585237071
val,1644726737815031808,462575057,14,0.9512831692649377,0.05310792172424541
val,1644726737815031808,462575057,15,0.9628045693794054,0.0533458297708475
val,1644726737815031808,462575057,17,0.9515328386330275,0.05311306480930525
val,1644726737815031808,462575057,22,0.9510462277705907,0.05310304133824138
val,1644726737815031808,462575057,40,0.9562630363528493,0.05321060892879347
val,1644726737815031808,462575057,41,0.954899985574436,0.05318248043922774
val,1644872663623912960,272651324,14,2.0852783852789534,0.08032111355489778
val,1644872663623912960,272651324,15,1.9788770337645414,0.07754359692731784
val,1644872663623912960,272651324,22,2.088581306414955,0.08040781306492256
val,1644872663623912960,272651324,23,2.079386229065727,0.08016651767845479
val,1644872663623912960,272651324,40,2.0883474744152792,0.08040167421257685
val,1644872663623912960,272651324,41,2.0873458799508384,0.08037538067069246
val,1647226511860842880,272672404,14,0.9191529227203175,0.052450712770731336
val,1647226511860842880,272672404,17,0.918471611544823,0.052436878312405004
val,1647226511860842880,272672404,20,0.9309562953215629,0.05269106172435992
val,1647226511860842880,272672404,21,0.922014722182082,0.05250886996871929
val,1647226511860842880,272672404,22,0.9232516225939862,0.052534029356093366
val,1647226511860842880,272672404,23,0.9146598060535507,0.05235955599177805
val,1647226511860842880,272672404,40,0.926006470934388,0.05259011506578261
val,1647226511860842880,272672404,41,1.4078783433249973,0.06329190426498688
val,1651453309436964992,441800962,14,0.3080162218985404,0.04222675012344759
val,1651453309436964992,441800962,15,0.6541049754934768,0.047426119535734744
val,1651453309436964992,441800962,16,0.31497176807437055,0.042312613134575926
val,1651453309436964992,441800962,17,0.311485700999512,0.04226947310426204
val,1651453309436964992,441800962,18,0.318429775034364,0.04235561600541401
val,1651453309436964992,441800962,19,0.3093382914404096,0.04224300506225863
val,1651453309436964992,441800962,21,0.31188686433256696,0.042274426646830426
val,1651453309436964992,441800962,22,0.3160743343036385,0.042326301669507294
val,1651453309436964992,441800962,23,0.6531629266982883,0.04740967438540078
val,1651453309436964992,441800962,24,0.31625471591616217,0.042328543159125986
val,1651453309436964992,441800962,25,0.6546265176916857,0.04743522873298597
val,1651453309436964992,441800962,26,0.6903472454577276,0.04806705825615176
val,1651453309436964992,441800962,41,0.313168403348805,0.04229026993214913
val,1654632100631226368,233498747,14,1.0750236371568673,0.05572139627262155
val,1654632100631226368,233498747,15,1.079613945406449,0.05582071131468639
val,1654632100631226368,233498747,16,1.086039308133366,0.05595999875808612
val,1654632100631226368,233498747,17,1.2242367880184546,0.05902769395703425
val,1654632100631226368,233498747,18,1.0319263770701335,0.054796944400579625
val,1654632100631226368,233498747,19,1.0798240300891313,0.055825260516495626
val,1654632100631226368,233498747,20,1.0837020344100154,0.05590929564896591
val,1654632100631226368,233498747,21,1.0806561280078593,0.05584328217887132
val,1654632100631226368,233498747,22,0.38045550683678475,0.04316176627967623
val,1654632100631226368,233498747,23,1.0288639182914028,0.05473181421526132
val,1654632100631226368,233498747,25,1.0787482757899922,0.05580196953841068
val,1654632100631226368,233498747,26,0.40868356656336924,0.043549868896968644
val,1654632100631226368,233498747,40,1.0861248744751233,0.055961855756563435
val,1654632100631226368,233498747,41,1.0744074954101266,0.055708077816236795
val,1655262636189800704,441764174,14,0.5393723244707751,0.045507897297763056
val,1655262636189800704,441764174,18,0.5873813484697928,0.04628929720534048
val,1655262636189800704,441764174,25,0.5893770164457921,0.04632245682423987
val,1655262636189800704,441764174,26,0.581880339339806,0.04619816945528462
val,1656523844747203840,441721258,14,2.147587000078077,0.0819612771372554
val,1656523844747203840,441721258,16,2.1537584856479777,0.08212424863475158
val,1656523844747203840,441721258,17,2.3112733673293393,0.08631318940892206
val,1656523844747203840,441721258,18,2.145407933819069,0.08190375602954882
val,1656523844747203840,441721258,19,2.1526047993082287,0.08209377609468849
val,1656523844747203840,441721258,20,2.1529222080291825,0.08210215955469724
val,1656523844747203840,441721258,21,2.1479220065769438,0.08197012136369107
val,1656523844747203840,441721258,22,2.154276428668834,0.08213793020000221
val,1656523844747203840,441721258,23,2.1532915645874056,0.08211191537471423
val,1656523844747203840,441721258,24,2.1503366902783885,0.08203387739333111
val,1656523844747203840,441721258,26,2.1508044386838856,0.08204622919416743
val,1656523844747203840,441721258,40,2.1476505868377744,0.081962955817353
val,1656523844747203840,441721258,41,2.1502083651070034,0.08203048881094079
val,1697583835175246848,462554728,14,0.8505573072756918,0.051079817277326786
val,1697583835175246848,462554728,15,0.7955801118619656,0.050014708981113466
val,1697583835175246848,462554728,20,0.8482191015399323,0.05103389196577951
val,1697583835175246848,462554728,22,0.8604564833973276,0.051274850260540544
val,1697583835175246848,462554728,26,0.832289099577278,0.0507224653320676
val,1697583835175246848,462554728,40,0.8548427360273947,0.051164129557530726
val,1702666190235682304,160488788,22,0.46246059497768477,0.044324336996014235
val,1702666190235682304,160488788,26,0.4619762795970934,0.04431716212805274
val,1709433856103442688,159511448,14,0.8193544634372767,0.05047149121154687
val,1709433856103442688,159511448,15,0.7441344968324732,0.04904699218078689
val,1709433856103442688,159511448,18,0.8079696234862548,0.05025201461920448
val,1709433856103442688,159511448,19,0.7976925506425427,0.05005505573938488
val,1709433856103442688,159511448,21,0.7732604255832818,0.049591322847337145
val,1709433856103442688,159511448,25,0.7394510958706506,0.04896034600375929
val,1709433856103442688,159511448,26,0.8188231788507261,0.05046121926277701
val,1709433856103442688,159511448,41,0.740972138135656,0.04898845924468259
val,2073333305380375424,184557266,41,0.18867763576412805,0.040890523711994434
val,2073819843584491648,170648666,14,1.6923726032426605,0.07023541507120679
val,2073819843584491648,170648666,15,1.7216457117163615,0.07096919399130604
val,2073819843584491648,170648666,41,1.7412799522609153,0.07146314542217734
val,2073884023266743424,170734207,14,0.6135726109855801,0.04672867791638841
val,2073884023266743424,170734207,41,0.6151482427149656,0.04675539720543969
val,2075875999045835136,185057693,14,0.6509875774934129,0.04737174196223897
val,2075875999045835136,185057693,41,0.5899831965233904,0.046332539512515994
val,2076149223381269376,239236894,14,1.7609666855598152,0.07195982323990069
val,2076149223381269376,239236894,15,1.7666616303680216,0.07210375972602323
val,2076149223381269376,239236894,41,1.7601534516573365,0.07193927861390854
val,2076944002793799680,169176333,14,1.9396445793880288,0.07652741294701496
val,2077503241891185664,138638652,14,0.9603735736178713,0.05329553457769765
val,2077503241891185664,138638652,15,0.5222593851026958,0.04523711814087705
val,2077503241891185664,138638652,40,0.9025498932808769,0.0521147999995297
val,2077617694178274048,138221465,15,1.387241744589746,0.06280320760692032
val,2077617694178274048,138221465,40,1.3930469528694809,0.06294045304004425
val,2077617694178274048,138221465,41,1.3898739904118211,0.06286541629724496
val,2079010397455480960,268824123,14,1.1373829169831846,0.05708403837697654
val,2079010397455480960,268824123,15,1.1300079237231186,0.056921399356738074
val,2079010397455480960,268824123,41,1.1310296585745698,0.05694390818723903
val,2085235248175537920,239233688,14,1.6017465721632693,0.06798497862239598
val,2085235248175537920,239233688,15,1.5960222851905679,0.06784396096162597
val,2085235248175537920,239233688,41,1.602872503386645,0.06801273220406748
val,2100135928528946048,120499949,14,0.6260631814244687,0.0469413718792652
val,2100135928528946048,120499949,41,0.5459618233127104,0.04561326578708086
val,2100144522764095360,120365782,14,0.7881983836261091,0.04987409285595604
val,2100144522764095360,120365782,26,0.7817321908411763,0.049751395170769756
val,2100144522764095360,120365782,40,0.7895870623602577,0.049900501782065655
val,2101214381938516352,121866435,14,2.5555294112170692,0.09290774814359601
val,2101214381938516352,121866435,40,2.555006886880399,0.0928935274005187
val,2101214381938516352,121866435,41,2.55920052685169,0.09300767197599484
val,2101634464100662400,137340846,14,-0.2719164,0.03850000009024541
val,2101948610886251136,159447512,14,1.289502389761554,0.06052051983589026
val,2101948610886251136,159447512,40,1.287722765367306,0.06047946771629473
val,2101948610886251136,159447512,41,1.288343595242709,0.06049378677721801
val,2102816507819628416,1716297800,14,0.8630300154114814,0.05132571209339072
val,2102816507819628416,1716297800,40,0.8627055613620103,0.05131929618591531
val,2102816507819628416,159105439,41,0.860530370740676,0.051276309621161156
val,2104803256609832320,351802214,14,1.7734815354668456,0.07227627978381822
val,2104803256609832320,351802214,26,2.0074399688201225,0.07828618577397845
val,2104803256609832320,351802214,40,2.011205572115638,0.07838425476208799
val,2104803256609832320,351802214,41,2.0118512543270297,0.0784010744246015
val,2105602601563239168,158385876,14,0.4417567154304326,0.044020828999465925
val,2105602601563239168,158385876,40,0.4456362198077719,0.04407719748910745
val,2105602601563239168,158385876,41,0.439008517187202,0.04398103964119123
val,2125761936801997440,63283032,15,2.2393494794666413,0.08439362898018388
val,2125761936801997440,63283032,40,2.2437221006022687,0.08451001086132798
val,2125761936801997440,63283032,41,2.2383406084751645,0.08436678280451669
val,2126639420099826944,159580386,15,0.7377263469015121,0.048928499292259404
val,2126639420099826944,159580386,40,0.7302851929546568,0.048791488488109436
val,2126639420099826944,159580386,41,0.7409943227180489,0.04898886947275589
val,2126834789572002432,159379875,14,1.0438731255594647,0.0550517390959973
val,2126834789572002432,159379875,40,1.049793839758977,0.055178434549011834
val,2126834789572002432,159379875,41,1.042980128248896,0.05503265425771756
val,2129795460846596480,26748388,15,0.6392132383665328,0.04716745578933509
val,2129795460846596480,26748388,41,0.6403130999700117,0.04718646471593083
val,2131482283482431872,279844872,40,2.8532921176751724,0.10107899942890969
val,2131482283482431872,279844872,41,2.8486035904854186,0.10094937517794043
val,2131498677376743552,350812471,14,0.7632545063643184,0.04940326830604938
val,2131498677376743552,350812471,26,0.7514718785239505,0.049183233798533024
val,2131498677376743552,350812471,40,0.7599361276574572,0.04934114402016242
val,2131498677376743552,350812471,41,0.7598684355637269,0.04933987800082503
val,2134944989196736000,27456360,14,0.2518939656043695,0.041565551092012085
val,2143052276840457984,243279280,14,0.6322797981648097,0.04704797756097614
val,2143052276840457984,243279280,15,0.6348324317235738,0.04709189405870028
val,2143052276840457984,243279280,16,0.6455120835685005,0.047276525105872526
val,2143052276840457984,243279280,17,0.6472272407334053,0.04730631072127578
val,2143052276840457984,243279280,18,0.6468242861332237,0.047299309652812795
val,2143052276840457984,243279280,19,0.6482707914714857,0.04732445116988795
val,2143052276840457984,243279280,20,0.650942691156165,0.04737095988228167
val,2143052276840457984,243279280,24,0.626132199455996,0.04694255272283836
val,2143052276840457984,243279280,25,0.6272081500229348,0.04696096927060974
val,2143052276840457984,243279280,26,0.6302811247550134,0.04701364948819438
val,2143052276840457984,243279280,40,0.6235417261706871,0.04689827367722199
val,2143052276840457984,243279280,41,0.6277303249362575,0.04696991243836325
val,2146986290787138432,236789408,14,0.9752771091787449,0.05360468417224973
val,2146986290787138432,236789408,15,0.9692362561890053,0.05347914426098039
val,2146986290787138432,236789408,16,0.9760466402143659,0.05362069902299159
val,2146986290787138432,236789408,22,0.9860645305819777,0.053829646078173816
val,2146986290787138432,236789408,26,0.9803876268987499,0.05371113532728739
val,2146986290787138432,236789408,40,0.9793529021325496,0.05368956411681373
val,2146986290787138432,236789408,41,0.9863573848004952,0.053835767131937114
val,2147574946122179328,359496202,14,1.767244987507248,0.07211851023238841
val,2147574946122179328,359496202,15,2.0817720568143834,0.0802291052748533
val,2147574946122179328,359496202,18,2.081882114444851,0.08023199277764359
val,2147574946122179328,359496202,19,1.768981388064913,0.07216242319062174
val,2147574946122179328,359496202,20,2.0829654188122833,0.08026041631261127
val,2147574946122179328,359496202,21,1.7649836299725654,0.07206133727379715
val,2147574946122179328,359496202,22,2.086934129852292,0.0803645722796661
val,2147574946122179328,359496202,23,1.768690393937476,0.0721550633093293
val,2147574946122179328,359496202,25,2.083540251959647,0.08027549989799034
val,2147574946122179328,359496202,26,2.0845696721213036,0.08030251393332269
val,2147574946122179328,359496202,40,1.7680676755146785,0.07213931439518997
val,2147574946122179328,359496202,41,2.0873469465009284,0.0803754086680673
val,2148781900651372288,21229078,14,1.2060079083768125,0.05861556122993168
val,2148781900651372288,21229078,15,1.1943157534253535,0.05835236431996132
val,2148781900651372288,21229078,18,1.1997136200351797,0.058473760709949474
val,2148781900651372288,21229078,22,1.0837448240530412,0.05591022352424146
val,2148781900651372288,21229078,25,1.0787194087414038,0.05580134466430132
val,2148781900651372288,21229078,26,1.1958377820641264,0.05838657465917101
val,2148781900651372288,21229078,41,1.2065552971405817,0.058627905398895355
val,2152897918133085184,377103181,14,0.8006473660989468,0.0501115706646082
val,2152897918133085184,377103181,15,0.7807491125501835,0.04973278033658229
val,2152897918133085184,377103181,16,0.6502458461869713,0.04735882158291978
val,2152897918133085184,377103181,19,0.7815424222220684,0.04974780104374049
val,2152897918133085184,377103181,20,0.6445781456999156,0.04726032174770402
val,2152897918133085184,377103181,22,0.8115281131463039,0.05032047044827047
val,2152897918133085184,377103181,23,0.6488305100315559,0.04733418658794057
val,2152897918133085184,377103181,26,0.8013026144193598,0.05012411566286614
val,2152897918133085184,377103181,40,0.8133076866836804,0.050354754131031486
val,2152897918133085184,377103181,41,0.8101990549284257,0.050294887479793104
val,2238183015010310272,256660246,14,0.9253640830871963,0.052577030557738366
val,2238183015010310272,256660246,15,0.9434870555955361,0.052947603383073444
val,2238183015010310272,256660246,17,0.9311903167323434,0.05269583986034659
val,2238183015010310272,256660246,18,0.9258344211173575,0.05258661029188549
val,2238183015010310272,256660246,21,0.9350969938021572,0.05277567766668444
val,2238183015010310272,256660246,24,0.9423470832790497,0.05292420649704598
val,2238183015010310272,256660246,41,0.9863307677430173,0.05383521076892195
val,2238369970645313536,275625763,14,1.1623258453648706,0.05763695179769809
val,2238369970645313536,275625763,16,1.16304583230969,0.05765297640968987
val,2238369970645313536,275625763,17,1.1693706545538025,0.05779390054127688
val,2238369970645313536,275625763,20,1.1664708731123674,0.05772925593841548
val,2238369970645313536,275625763,23,1.1705785286664137,0.05782084463082993
val,2238369970645313536,275625763,40,1.1631886763795118,0.057656156089246215
val,2238369970645313536,275625763,41,1.168776607065755,0.05778065277767782
val,2239203606617186560,229446655,14,0.6385156340142223,0.04715540699997889
val,2239203606617186560,229446655,15,0.6991202232535765,0.04822458806642066
val,2239203606617186560,229446655,16,0.6488270869555515,0.047334127037051116
val,2239203606617186560,229446655,17,0.7022573827483286,0.04828114096611342
val,2239203606617186560,229446655,18,0.7018170196021242,0.048273195631648565
val,2239203606617186560,229446655,19,0.7088481155368273,0.04840032775641793
val,2239203606617186560,229446655,20,0.6573072366124144,0.047482103129659434
val,2239203606617186560,229446655,21,0.7020445404522727,0.04827730043391969
val,2239203606617186560,229446655,22,0.6661306480379022,0.047637014161431165
val,2239203606617186560,229446655,23,0.6984892792846782,0.0482132282117095
val,2239203606617186560,229446655,24,0.6956993444842774,0.048163053210545925
val,2239203606617186560,229446655,25,0.6945414962698637,0.048142257229823175
val,2239203606617186560,229446655,26,0.6971513707731647,0.0481891553686628
val,2239203606617186560,229446655,40,0.7008737501662193,0.048256184207281165
val,2239203606617186560,229446655,41,0.7158076266782687,0.04852673469807614
val,2240048856180390656,230019797,14,1.3182217416001827,0.06118560591197708
val,2240048856180390656,230019797,15,1.3164680102227377,0.06114485436809285
val,2240048856180390656,230019797,16,1.3157434113749857,0.06112802203271057
val,2240048856180390656,230019797,17,1.313775090066341,0.061082313576393814
val,2240048856180390656,230019797,18,1.319516164824997,0.06121569590757625
val,2240048856180390656,230019797,19,1.3152024834793004,0.061115458335427204
val,2240048856180390656,230019797,20,1.312855418606104,0.0610609646404474
val,2240048856180390656,230019797,21,1.312935702540738,0.061062828127896686
val,2240048856180390656,230019797,22,1.3137136711775994,0.061080887666150344
val,2240048856180390656,230019797,23,1.314828021533055,0.06110676200405738
val,2240048856180390656,230019797,24,1.3154793638271478,0.06112188900043267
val,2240048856180390656,230019797,25,1.3136128831732787,0.06107854780409145
val,2240048856180390656,230019797,26,1.3140464842515693,0.06108861456764235
val,2240048856180390656,230019797,40,1.317373519296319,0.0611658935032501
val,2240048856180390656,230019797,41,1.313475031356202,0.061075347576102335
val,2247045667143570816,255869565,15,1.072101177880778,0.055658250550370124
val,2247045667143570816,255869565,16,1.0692757100921384,0.05559726295261605
val,2247045667143570816,255869565,17,1.054458749756296,0.055278452358367765
val,2247045667143570816,255869565,18,1.1293952714647812,0.056907906218219645
val,2247045667143570816,255869565,22,1.0610214005878311,0.05541944749481651
val,2247045667143570816,255869565,25,1.0526207117024575,0.05523902354121407
val,2250256511676830208,255865351,16,0.4472162685927161,0.044100222124280934
val,2250256511676830208,255865351,18,0.5216690295747392,0.04522785130276822
val,2250256511676830208,255865351,25,0.42623862932099976,0.043797701695357565
val,2251521705962913920,366488633,14,1.2620989224413004,0.05989050358227122
val,2251521705962913920,366488633,15,1.2071460062802821,0.058641228697064535
val,2251521705962913920,366488633,16,1.2484007342481522,0.05957730500963706
val,2251521705962913920,366488633,17,1.223986423075672,0.0590220189025963
val,2251521705962913920,366488633,18,1.1547040047703556,0.057467534612582326
val,2251521705962913920,366488633,19,1.2458960127317187,0.05952016312387199
val,2251521705962913920,366488633,20,1.26193907484453,0.0598868420773423
val,2251521705962913920,366488633,21,1.2531555179803409,0.059685887157128595
val,2251521705962913920,366488633,22,1.2127283120073384,0.05876724925729336
val,2251521705962913920,366488633,23,1.2510104171264256,0.05963688327853105
val,2251521705962913920,366488633,25,1.2548899258048032,0.05972552991228657
val,2251521705962913920,366488633,26,1.2490769615915265,0.05959273898228811
val,2251521705962913920,366488633,40,1.31144330956783,0.061028194015975736
val,2251521705962913920,366488633,41,1.2631448044850369,0.059914464680401756
val,2252097201518515328,230389573,14,2.2411254473132303,0.08444089314538504
val,2252097201518515328,230389573,15,2.4033141957234516,0.08878511363613857
val,2252097201518515328,230389573,16,2.3886958943328764,0.08839140508084886
val,2252097201518515328,230389573,17,2.4033146844110496,0.0887851268045512
val,2252097201518515328,230389573,18,2.395582818108437,0.08857683693288843
val,2252097201518515328,230389573,19,2.405632827977569,0.08884759770983515
val,2252097201518515328,230389573,20,2.401192691624754,0.08872795082535329
val,2252097201518515328,230389573,21,2.405443821912983,0.08884250386563175
val,2252097201518515328,230389573,22,2.403254623331291,0.08878350837300382
val,2252097201518515328,230389573,23,2.4338294225062107,0.08960826540494246
val,2252097201518515328,230389573,24,2.403256540633002,0.08878356003733033
val,2252097201518515328,230389573,25,2.4293557120729936,0.08948747809531162
val,2252097201518515328,230389573,26,2.410098507218737,0.08896797047212367
val,2252097201518515328,230389573,40,2.4025976059799996,0.08876580454866123
val,2252097201518515328,230389573,41,2.5591397274217895,0.09300601689966756
val,2252589336052752256,229948322,14,1.773437758607294,0.07227517185841577
val,2252589336052752256,229948322,15,1.734463907649774,0.0712915095787899
val,2252589336052752256,229948322,16,1.7821915187064505,0.07249684958065154
val,2252589336052752256,229948322,17,1.6821003362046314,0.06997869555030611
val,2252589336052752256,229948322,18,1.682165441120671,0.06998032134032198
val,2252589336052752256,229948322,20,1.6310826914185748,0.06870982416827584
val,2252589336052752256,229948322,21,1.7807225658267523,0.072459631557028
val,2252589336052752256,229948322,22,1.563554844442493,0.06704678396233874
val,2252589336052752256,229948322,23,1.7740624392480637,0.07229098220748313
val,2252589336052752256,229948322,24,1.77715223537847,0.07236920349172019
val,2252589336052752256,229948322,25,1.731200842527558,0.07120940192848646
val,2252589336052752256,229948322,26,1.777152295824309,0.07236920502229409
val,2252589336052752256,229948322,40,1.7324865282169537,0.0712417486408761
val,2252589336052752256,229948322,41,1.7790264834211185,0.07241666823435294
val,2253618891252047488,233609743,14,0.6385154580342677,0.04715540396128785
val,2253618891252047488,233609743,15,0.6305518577508011,0.0470182964622373
val,2253618891252047488,233609743,16,0.63362131565109,0.04707104722284527
val,2253618891252047488,233609743,17,0.6414554058853186,0.04720622336489669
val,2253618891252047488,233609743,20,0.6382136002436661,0.04715019228167487
val,2253618891252047488,233609743,21,0.6432939466424765,0.04723805941919794
val,2253618891252047488,233609743,23,0.6353739225124232,0.04710122071689999
val,2253618891252047488,233609743,24,0.6387807712793198,0.04715998563776472
val,2253618891252047488,233609743,25,0.6350324492225751,0.04709533873446702
val,2253618891252047488,233609743,26,0.641779053361603,0.04721182453738593
val,2253618891252047488,233609743,40,0.6354020852579699,0.047101705894886166
val,2253618891252047488,233609743,41,0.6340213600239561,0.04707793109124701
val,2255497853545972608,229783648,14,1.405523119254918,0.0632360165186058
val,2255497853545972608,229783648,15,1.4064973430819268,0.06325913061633337
val,2255497853545972608,229783648,17,1.403531212145568,0.06318877271054026
val,2255497853545972608,229783648,18,1.4064605467886537,0.0632582575098565
val,2255497853545972608,229783648,19,1.4136872354250876,0.06342986884026917
val,2255497853545972608,229783648,20,1.4083236004498454,0.06330247315312948
val,2255497853545972608,229783648,21,1.3998356145550461,0.06310117622989213
val,2255497853545972608,229783648,22,1.2890429903012866,0.060509920660276655
val,2255497853545972608,229783648,23,1.414116418565404,0.06344006915718037
val,2255497853545972608,229783648,24,1.4103436525020772,0.06335043531494809
val,2255497853545972608,229783648,25,1.4049602492820275,0.06322266432750379
val,2255497853545972608,229783648,26,1.4054648054250327,0.06323463314259604
val,2255497853545972608,229783648,40,1.4063262884183367,0.06325507187267221
val,2255497853545972608,229783648,41,1.4078431967110854,0.06329107004816938
val,2256249812121204864,229782013,18,0.5237009346152768,0.04525976717467412
val,2256249812121204864,229782013,19,0.5396705355750421,0.04551265264031332
val,2256249812121204864,229782013,24,0.5439164826043907,0.045580494937152806
val,2256249812121204864,229782013,40,0.5286587340511499,0.045337888607977224
val,2257615925257465728,376849001,14,0.7008738044749709,0.04825618518641216
val,2257615925257465728,376849001,15,1.0142243992964954,0.05442152369768229
val,2257615925257465728,376849001,17,0.5890488268591116,0.04631700003987347
val,2257615925257465728,376849001,18,0.5932208958923397,0.04638647552453985
val,2257615925257465728,376849001,19,0.6113271128657158,0.04669065489611792
val,2257615925257465728,376849001,20,0.6827654184374121,0.04793165673278492
val,2257615925257465728,376849001,21,0.6333815027637646,0.04706692155478069
val,2257615925257465728,376849001,22,1.0201675823868905,0.05454728103311689
val,2257615925257465728,376849001,23,0.593580557199848,0.04639247563124328
val,2257615925257465728,376849001,24,0.6451050571909819,0.047269462054528255
val,2257615925257465728,376849001,25,0.6350324492225751,0.04709533873446702
val,2257615925257465728,376849001,26,0.6302811738911938,0.04701365033150345
val,2257615925257465728,376849001,40,0.6294718990798133,0.046999765176291106
val,2257615925257465728,376849001,41,0.5962739533562913,0.046437463175502354
val,2258335864853547776,219115213,14,1.1186747256276828,0.05667223406944088
val,2258335864853547776,219115213,15,1.1106849592437327,0.056497137015436856
val,2258335864853547776,219115213,16,1.125705418012194,0.0568266975323501
val,2258335864853547776,219115213,17,1.1169712910610887,0.056634863880413215
val,2258335864853547776,219115213,19,1.1238562975870883,0.05678603785647335
val,2258335864853547776,219115213,20,1.5801663517832294,0.06745407936916782
val,2258335864853547776,219115213,21,0.9415680851921926,0.052908224958449934
val,2258335864853547776,219115213,22,0.6630424836663988,0.04758268675439113
val,2258335864853547776,219115213,40,1.1098169795105033,0.056478143274131094
val,2258335864853547776,219115213,41,1.1058639433697668,0.05639171035976231
val,2260149371843036288,236761352,14,1.06255221383105,0.05545238455719727
val,2260149371843036288,236761352,15,1.0528086232753904,0.05524305332273785
val,2260149371843036288,236761352,16,1.1137847531298317,0.05656501404251757
val,2260149371843036288,236761352,17,1.0169624081288633,0.05447942380752596
val,2260149371843036288,236761352,18,1.0656697953128191,0.055519518905406594
val,2260149371843036288,236761352,20,1.0646381631425366,0.05549729527552846
val,2260149371843036288,236761352,21,1.0624910613315817,0.055451068447096706
val,2260149371843036288,236761352,23,1.0656986726977762,0.05552014110655108
val,2260149371843036288,236761352,24,1.0688607674647999,0.05558831161489096
val,2260149371843036288,236761352,25,1.023182505676072,0.054611187012210724
val,2260149371843036288,236761352,26,1.0656701065176744,0.055519525610689055
val,2260149371843036288,236761352,40,1.0623754900852498,0.055448581228571464
val,2260149371843036288,236761352,41,1.0177866611452153,0.054496866160596485
val,2261750329494838784,259004297,14,1.6362490010855202,0.06883784227967718
val,2261750329494838784,259004297,15,1.638002686955296,0.06888132226993643
val,2261750329494838784,259004297,17,1.6371388724223026,0.06885990373402567
val,2261750329494838784,259004297,18,1.6334080638094992,0.06876743206562676
val,2261750329494838784,259004297,19,1.635659730625099,0.06882323501332992
val,2261750329494838784,259004297,20,1.6374472616321953,0.06886754998782975
val,2261750329494838784,259004297,21,1.6349876930555893,0.0688065777788428
val,2261750329494838784,259004297,22,1.638961570379035,0.06890510161122604
val,2261750329494838784,259004297,23,1.6376675978971982,0.06887301327854553
val,2261750329494838784,259004297,24,1.638018870574339,0.06888172357642969
val,2261750329494838784,259004297,25,1.633328664553899,0.06876546469470243
val,2261750329494838784,259004297,26,1.6389212477510995,0.06890410157568162
val,2261750329494838784,259004297,40,1.637603549366447,0.06887142515950287
val,2261750329494838784,259004297,41,1.6343276367170745,0.06879021930201883
val,2266192803147451008,229649350,16,0.33607746920769954,0.0425783132680258
val,2266192803147451008,229649350,18,0.3321547822157297,0.04252834740402708
val,2266192803147451008,229649350,23,0.33539784610100976,0.04256963750778576
val,2291211571761946112,237281589,17,0.8989349036120957,0.05204200198942583
val,2291211571761946112,237281589,18,0.8487979482956525,0.0510452561741845
val,2291211571761946112,237281589,19,0.8529228767070942,0.05112633537997965
val,2291211571761946112,237281589,20,0.8418790692854472,0.050909640504672886
val,2291211571761946112,237281589,23,0.841852869297905,0.05090912787512037
val,2291211571761946112,237281589,24,0.8475065828251955,0.051019908031048535
val,2291211571761946112,237281589,25,0.8568763109582518,0.051204202111554915
val,2291211571761946112,237281589,26,0.852816880185572,0.05112424980620677
val,2291211571761946112,237281589,40,0.8607491782757506,0.05128063163826035
val,2293064042695375616,235902789,17,0.6083017871073052,0.04663953091286062
val,2293064042695375616,235902789,20,0.5879791633028046,0.046299224797919064
val,2293064042695375616,235902789,24,0.6135029084493071,0.046727496657407185
val,2293064042695375616,235902789,25,0.5437025482827826,0.045577070620085
val,2293064042695375616,235902789,41,0.5459440777994049,0.04561298121352595
